{"type": "FeatureCollection", "crs": {"type": "name", "properties": {"name": "EPSG:4326"}}, "features": [{"type": "Feature", "geometry": {"type": "Polygon", "coordinates": [[[-112.19459902895, 33.5456980598808], [-112.194598554933, 33.545697657892], [-112.192782773021, 33.5441588919071], [-112.19277847697, 33.5457304916914], [-112.190586988611, 33.5457664301284], [-112.186201825925, 33.5458478461391], [-112.183708944115, 33.5458319469268], [-112.181207046279, 33.5458194531033], [-112.177463046505, 33.5458051244982], [-112.175032045265, 33.5457871249851], [-112.17293404545, 33.5457771254334], [-112.172868439728, 33.5421444337128], [-112.168571849113, 33.5421198231339], [-112.168607786445, 33.5312134952319], [-112.168638766178, 33.5239837254275], [-112.168739383956, 33.5167189904015], [-112.177526522977, 33.5167798844738], [-112.186289547964, 33.5168324206883], [-112.186367592304, 33.5094875225671], [-112.186367684308, 33.5094710322712], [-112.2015287839, 33.5092786516592], [-112.202463867248, 33.5092749715392], [-112.202955199015, 33.5092686975133], [-112.202955270875, 33.5092535832374], [-112.203168537327, 33.5092508576543], [-112.203174764875, 33.5092507368535], [-112.203174742083, 33.5092539460171], [-112.203173965848, 33.5093623362296], [-112.203151425554, 33.5166058638982], [-112.203110171681, 33.5238492352309], [-112.211838467844, 33.5236416989905], [-112.218339610523, 33.5235157742408], [-112.220540700879, 33.52347311281], [-112.220530150424, 33.5253893967092], [-112.220531163507, 33.5273139480587], [-112.220523699251, 33.5289327400278], [-112.220515125283, 33.5307033807998], [-112.220508166523, 33.5322321635444], [-112.220501557089, 33.5336262757234], [-112.220499064378, 33.5343209244593], [-112.220492317906, 33.5356758727398], [-112.220466548344, 33.5379254517951], [-112.211773549317, 33.5381385968621], [-112.211737673361, 33.5417381172652], [-112.211721628301, 33.5453495807139], [-112.216062909077, 33.5452591221596], [-112.220486924291, 33.5451562772928], [-112.220477466275, 33.5473776425202], [-112.220471735418, 33.548788239113], [-112.220382125831, 33.5523366953684], [-112.211664711647, 33.5525009434361], [-112.211658594067, 33.5525010580986], [-112.21165521707, 33.5525011220488], [-112.211445340466, 33.5525057633381], [-112.211444713869, 33.5525965029295], [-112.211444711164, 33.552598560575], [-112.202860261991, 33.5527815469076], [-112.19459902895, 33.5456980598808]], [[-112.190158516932, 33.5313020767119], [-112.190160198927, 33.5307283301012], [-112.189475258151, 33.5307397962273], [-112.189473570556, 33.5313135428528], [-112.190158516932, 33.5313020767119]]]}, "properties": {"DIS_NAME": "OCOTILLO"}}, {"type": "Feature", "geometry": {"type": "Polygon", "coordinates": [[[-112.151737406682, 33.5603175241213], [-112.151706983169, 33.5531168829332], [-112.151562893789, 33.545707949687], [-112.15158263661, 33.5388944019119], [-112.151583400256, 33.5386309782853], [-112.151583599871, 33.5385622694256], [-112.151583918396, 33.5384523361517], [-112.151600768054, 33.5311923668909], [-112.15163890685, 33.5239272839579], [-112.151672276818, 33.516677876521], [-112.151701800479, 33.5099927817628], [-112.151783820153, 33.5099930327968], [-112.151785494419, 33.5096139022151], [-112.152232932021, 33.5096147708889], [-112.152234115655, 33.5093413121115], [-112.160178385011, 33.5093564698893], [-112.168782089734, 33.5093702144736], [-112.172819935429, 33.5093952320795], [-112.173475867981, 33.5094075257434], [-112.177574869519, 33.5094327656248], [-112.186367592304, 33.5094875225671], [-112.186289547964, 33.5168324206883], [-112.177526522977, 33.5167798844738], [-112.168739383956, 33.5167189904015], [-112.168638766178, 33.5239837254275], [-112.168607786445, 33.5312134952319], [-112.168571849113, 33.5421198231339], [-112.172868439728, 33.5421444337128], [-112.17293404545, 33.5457771254334], [-112.175032045265, 33.5457871249851], [-112.177463046505, 33.5458051244982], [-112.177485690154, 33.5484980458321], [-112.177499602018, 33.5503971186662], [-112.177522790061, 33.553103093218], [-112.168879608424, 33.5531080372237], [-112.168895459188, 33.560374737716], [-112.169021457624, 33.5675026843599], [-112.168852895173, 33.581917611617], [-112.168841125843, 33.5819176130569], [-112.160186238827, 33.5819185071917], [-112.151738330085, 33.5819260348968], [-112.15170302312, 33.5819260280166], [-112.151667406975, 33.5819260217133], [-112.151714022105, 33.5747240971083], [-112.15176810278, 33.5675217144333], [-112.151737406682, 33.5603175241213]]]}, "properties": {"DIS_NAME": "CACTUS"}}, {"type": "Feature", "geometry": {"type": "Polygon", "coordinates": [[[-112.177455842897, 33.5855263589731], [-112.177467458979, 33.5844757886927], [-112.177475234619, 33.583785943856], [-112.177483026707, 33.5831015946408], [-112.177490818712, 33.5824172462515], [-112.177494582626, 33.581930551633], [-112.175474905632, 33.5819297855698], [-112.173173773505, 33.5819288723157], [-112.168849714445, 33.5819270406474], [-112.168841125843, 33.5819176130569], [-112.168852895173, 33.581917611617], [-112.169021457624, 33.5675026843599], [-112.168895459188, 33.560374737716], [-112.168879608424, 33.5531080372237], [-112.177522790061, 33.553103093218], [-112.177499602018, 33.5503971186662], [-112.177485690154, 33.5484980458321], [-112.177463046505, 33.5458051244982], [-112.181207046279, 33.5458194531033], [-112.183708944115, 33.5458319469268], [-112.186201825925, 33.5458478461391], [-112.190586988611, 33.5457664301284], [-112.19277847697, 33.5457304916914], [-112.19459902895, 33.5456980598808], [-112.202860261991, 33.5527815469076], [-112.211444711164, 33.552598560575], [-112.21144456086, 33.5527394884735], [-112.211657924837, 33.5527347703472], [-112.211654331875, 33.5560971505011], [-112.211440858095, 33.5561014622469], [-112.211440737259, 33.5562114226348], [-112.211654213464, 33.5562071108828], [-112.211650480271, 33.5597019482777], [-112.211437094773, 33.5595221202722], [-112.211436337396, 33.5602109885543], [-112.211432793418, 33.5634331324575], [-112.211515701306, 33.5634317285666], [-112.211646182057, 33.5634295187794], [-112.211777498513, 33.5634272852221], [-112.211773741036, 33.5668569054688], [-112.211429022953, 33.5668623064313], [-112.203175392864, 33.5669908784554], [-112.203175236541, 33.5671695513182], [-112.203174432143, 33.5672795149187], [-112.203075929794, 33.5672810457958], [-112.203050141008, 33.5708062621748], [-112.203027155955, 33.570806634547], [-112.20300056173, 33.5744418277225], [-112.202999758205, 33.5745517957], [-112.203022744204, 33.5745514089012], [-112.202970428379, 33.5817109713411], [-112.202914902535, 33.5889678717074], [-112.202895811077, 33.5914537153364], [-112.202836690418, 33.5914549052335], [-112.202800553866, 33.5961593324205], [-112.202859678814, 33.5961581434238], [-112.202859367909, 33.5961987421175], [-112.185999052109, 33.5963781315689], [-112.184887050867, 33.5963811313663], [-112.181665051193, 33.5963691313998], [-112.177333049731, 33.5963581321757], [-112.17731604963, 33.5959831316568], [-112.177335049355, 33.5955131312192], [-112.177342049483, 33.5953501320174], [-112.177349050324, 33.5948281318354], [-112.177357049381, 33.5941401316142], [-112.177362049868, 33.5934521313221], [-112.177366049969, 33.5927471310297], [-112.177378049272, 33.5920301314097], [-112.177388049655, 33.5913091306651], [-112.177405142452, 33.5891398217378], [-112.177415183174, 33.5883840121872], [-112.17742682224, 33.5876137705203], [-112.177435549462, 33.586967210001], [-112.177455842897, 33.5855263589731]]]}, "properties": {"DIS_NAME": "BARREL"}}, {"type": "Feature", "geometry": {"type": "Polygon", "coordinates": [[[-112.186307975283, 33.6543441810369], [-112.18637102517, 33.647167429631], [-112.186400903916, 33.6457886325258], [-112.18642871866, 33.6435204965306], [-112.186487673767, 33.6387125125912], [-112.182077398431, 33.6388086617544], [-112.177810461482, 33.6388946102688], [-112.169359848203, 33.6390054844666], [-112.169342935077, 33.6388676544302], [-112.169342694496, 33.6388657442808], [-112.169339590389, 33.6388404524395], [-112.169339485827, 33.6388404535548], [-112.169257131579, 33.6388415947073], [-112.168435052247, 33.6323620337068], [-112.16850158386, 33.6251575167286], [-112.16856514069, 33.6179457218026], [-112.168630456124, 33.6107357840557], [-112.168711488989, 33.6035438484235], [-112.168794814497, 33.5963343639242], [-112.168808350591, 33.5953052817742], [-112.16867644016, 33.5952788879029], [-112.167420352834, 33.5950459369499], [-112.167366948556, 33.5950349373984], [-112.167314211733, 33.5950218761387], [-112.167262256652, 33.5950067790888], [-112.167211194396, 33.5949896811903], [-112.167161136045, 33.5949706173847], [-112.167112189469, 33.5949496298338], [-112.167064459312, 33.5949267634109], [-112.167018049153, 33.5949020675001], [-112.166973058272, 33.5948755951011], [-112.166929584885, 33.594847403724], [-112.166887721827, 33.5948175535952], [-112.166847559793, 33.5947861103552], [-112.16680918517, 33.5947531396536], [-112.166772681129, 33.5947187143597], [-112.166738125461, 33.5946829082555], [-112.166705592727, 33.5946457978346], [-112.166675154273, 33.5946074641054], [-112.16664687498, 33.5945679889909], [-112.166620815428, 33.5945274580297], [-112.166597031893, 33.5944859576704], [-112.166575576351, 33.594443578879], [-112.166556494314, 33.594400412634], [-112.166539828065, 33.5943565508222], [-112.166525612353, 33.5943120889525], [-112.166513877622, 33.5942671234435], [-112.166504650001, 33.5942217498211], [-112.166392442919, 33.5935803163537], [-112.166380120055, 33.5935166458073], [-112.16636548819, 33.5934533171459], [-112.16634856151, 33.5933903916542], [-112.166329355266, 33.5933279252044], [-112.166307887946, 33.5932659763672], [-112.166284178041, 33.5932046037133], [-112.166258248339, 33.5931438621977], [-112.166230122712, 33.5930838094783], [-112.166199827183, 33.5930245005034], [-112.166167389924, 33.592965990217], [-112.166132840187, 33.5929083326591], [-112.166096211526, 33.5928515809594], [-112.1660575375, 33.5927957891491], [-112.166016852732, 33.5927410067486], [-112.165974195083, 33.5926872859772], [-112.165929605639, 33.5926346754407], [-112.163641006544, 33.5900195703247], [-112.163593184899, 33.5899667183075], [-112.163543367415, 33.5899151749814], [-112.163491605951, 33.5898649907348], [-112.163437951296, 33.5898162186628], [-112.163382460693, 33.5897689082414], [-112.163325189225, 33.5897231071471], [-112.163266197359, 33.5896788630461], [-112.163205543405, 33.5896362218053], [-112.163143291047, 33.5895952256743], [-112.16307950397, 33.5895559169028], [-112.163014245854, 33.5895183368391], [-112.162947585757, 33.5894825232137], [-112.162879590576, 33.5894485119585], [-112.162810329366, 33.5894163399028], [-112.162739874393, 33.5893860375579], [-112.162129677965, 33.5891338417334], [-112.160345502356, 33.588396410871], [-112.160283793017, 33.5883699599013], [-112.160223031898, 33.5883420111496], [-112.160163272939, 33.588312589758], [-112.160120539734, 33.588290119246], [-112.16010456577, 33.5882817199757], [-112.160039755802, 33.5882452456113], [-112.159976414767, 33.5882070064443], [-112.159914610658, 33.5881670438206], [-112.159854411473, 33.588125401791], [-112.159795880901, 33.588082124415], [-112.159739082642, 33.5880372593587], [-112.159684079318, 33.5879908551921], [-112.159630929246, 33.5879429613956], [-112.159579689675, 33.587893631058], [-112.159530417849, 33.5878429163667], [-112.159483165635, 33.5877908722248], [-112.159437983829, 33.5877375562421], [-112.159394922143, 33.5876830242277], [-112.159354028151, 33.5876273374045], [-112.157466675148, 33.5849598056839], [-112.157416448657, 33.5848909168293], [-112.157364054611, 33.5848231682851], [-112.157309528699, 33.5847566086697], [-112.157252910911, 33.5846912838882], [-112.15719424124, 33.5846272407475], [-112.157133559675, 33.5845645242508], [-112.157070910506, 33.5845031775899], [-112.157006336951, 33.5844432457618], [-112.156939884373, 33.584384769251], [-112.156871600291, 33.584327791243], [-112.156801533292, 33.5842723504126], [-112.156729731963, 33.5842184854348], [-112.156656245971, 33.584166236786], [-112.156581129275, 33.5841156386224], [-112.156504434764, 33.5840667278073], [-112.156426214241, 33.5840195385014], [-112.156346524897, 33.5839741048549], [-112.156265422835, 33.5839304583151], [-112.156182964155, 33.5838886285262], [-112.156099207114, 33.5838486469316], [-112.156014212114, 33.5838105404621], [-112.155928037402, 33.5837743369549], [-112.152576343403, 33.5824124699721], [-112.152511889549, 33.5823853215146], [-112.152448388212, 33.5823566446649], [-112.152385891166, 33.5823264618678], [-112.152324449115, 33.5822947982753], [-112.152264111687, 33.5822616799431], [-112.152204928508, 33.5822271329272], [-112.152146948138, 33.5821911859904], [-112.151928981147, 33.5820497482701], [-112.151749412226, 33.5819332263833], [-112.151738330085, 33.5819260348968], [-112.160186238827, 33.5819185071917], [-112.168841125843, 33.5819176130569], [-112.168849714445, 33.5819270406474], [-112.173173773505, 33.5819288723157], [-112.175474905632, 33.5819297855698], [-112.177494582626, 33.581930551633], [-112.177490818712, 33.5824172462515], [-112.177483026707, 33.5831015946408], [-112.177475234619, 33.583785943856], [-112.177467458979, 33.5844757886927], [-112.177455842897, 33.5855263589731], [-112.177435549462, 33.586967210001], [-112.17742682224, 33.5876137705203], [-112.177415183174, 33.5883840121872], [-112.177405142452, 33.5891398217378], [-112.177388049655, 33.5913091306651], [-112.177378049272, 33.5920301314097], [-112.177366049969, 33.5927471310297], [-112.177362049868, 33.5934521313221], [-112.177357049381, 33.5941401316142], [-112.177349050324, 33.5948281318354], [-112.177342049483, 33.5953501320174], [-112.177335049355, 33.5955131312192], [-112.17731604963, 33.5959831316568], [-112.177333049731, 33.5963581321757], [-112.181665051193, 33.5963691313998], [-112.184887050867, 33.5963811313663], [-112.185999052109, 33.5963781315689], [-112.202859367909, 33.5961987421175], [-112.202859215955, 33.5962186325459], [-112.202858708922, 33.5962791226714], [-112.202799583894, 33.5962803125696], [-112.202769997823, 33.5998123838793], [-112.202829124485, 33.5998112850541], [-112.202799030565, 33.6034039363853], [-112.202737277607, 33.6106063528942], [-112.202681093343, 33.6178085705179], [-112.202674723769, 33.6186574265905], [-112.20282240779, 33.618763457189], [-112.203120865951, 33.6192521367345], [-112.203966215951, 33.6213317074761], [-112.204211525493, 33.6216888552812], [-112.204505889509, 33.6219226243883], [-112.205940654761, 33.6223240505152], [-112.209347289305, 33.6233608011454], [-112.209934644818, 33.623599548584], [-112.210263813735, 33.6238088662551], [-112.2115761457, 33.6249514562241], [-112.215590185555, 33.6284461253875], [-112.215567537396, 33.6305277174586], [-112.216490516384, 33.6313288187526], [-112.216601807773, 33.6314238491734], [-112.216714937309, 33.6315173494054], [-112.216829874726, 33.6316092942701], [-112.216946588675, 33.631699658592], [-112.217065048893, 33.6317884189963], [-112.217185224038, 33.6318755521106], [-112.217307081688, 33.6319610336637], [-112.217430589429, 33.6320448420895], [-112.217555714841, 33.6321269549203], [-112.21768242443, 33.6322073496909], [-112.217810683624, 33.6322860048407], [-112.217940460014, 33.6323629006071], [-112.21806051084, 33.6326914626509], [-112.217653090179, 33.6339907881628], [-112.217807905202, 33.6346803693434], [-112.215782370739, 33.6356847018968], [-112.215939355081, 33.6380905725899], [-112.215940568875, 33.6380905687507], [-112.215939696998, 33.6380769177771], [-112.216578461042, 33.6380624691219], [-112.219051831324, 33.6380217448874], [-112.219907217009, 33.638019056027], [-112.220032221257, 33.6379088349898], [-112.22027065794, 33.6379077647154], [-112.220509106487, 33.6379066984605], [-112.220646959948, 33.6380157195654], [-112.220779073438, 33.6380149348778], [-112.221527833473, 33.6380042223634], [-112.222417725602, 33.6379840153137], [-112.223174566298, 33.6379731781737], [-112.224388788157, 33.6379659355295], [-112.224486660027, 33.6378828934295], [-112.224765934729, 33.6378812259219], [-112.224865213933, 33.6379630908607], [-112.227841230364, 33.6379452776144], [-112.228594761785, 33.6379470570343], [-112.228689543124, 33.6379482470577], [-112.228787568373, 33.6378670414867], [-112.228946874925, 33.6378690314137], [-112.228975063571, 33.6381851350901], [-112.229000063681, 33.6389861347616], [-112.229024063046, 33.6391121347086], [-112.229070062755, 33.6392481344832], [-112.229124063714, 33.6393561352259], [-112.229189062751, 33.6394561346869], [-112.229277063722, 33.6395631351305], [-112.229376063626, 33.6396641350384], [-112.229412063111, 33.6396971352504], [-112.229524063067, 33.6397871351554], [-112.229649063905, 33.6398741346582], [-112.229789063198, 33.6399581349727], [-112.230022063009, 33.6400911351236], [-112.230203063981, 33.6402111347821], [-112.230344063962, 33.6403151345473], [-112.230496063714, 33.6404751350389], [-112.230637063623, 33.6406451348248], [-112.230764063848, 33.6408231353483], [-112.230874063974, 33.6410031346536], [-112.230959063371, 33.6411621353202], [-112.231063064039, 33.6413851349502], [-112.231132063651, 33.6415671353575], [-112.231183063444, 33.6417591350263], [-112.231220063342, 33.6419651353271], [-112.23124606438, 33.6422571349942], [-112.231251063897, 33.6424221348503], [-112.231239063481, 33.6426531350101], [-112.231210064214, 33.6428701349159], [-112.231171063856, 33.6430631352879], [-112.231107063897, 33.6432841356147], [-112.231040063715, 33.6434601349438], [-112.230656064079, 33.6443561356035], [-112.230613063795, 33.6444631357727], [-112.230256063816, 33.6453441357914], [-112.230158063854, 33.6456341353847], [-112.2300950636, 33.6458701354323], [-112.230078063965, 33.6459491358018], [-112.230029064433, 33.6462131358824], [-112.229983064476, 33.6465731361459], [-112.22995506435, 33.6468841356016], [-112.229949063862, 33.6469901355697], [-112.229949064023, 33.6477961356509], [-112.229967063728, 33.6480091361279], [-112.229995064446, 33.6481621359127], [-112.230037063698, 33.6483241358211], [-112.230102064677, 33.6485471356388], [-112.230152064051, 33.6487591361357], [-112.230194064491, 33.6490191364308], [-112.230285063943, 33.6494641365103], [-112.230307063903, 33.6496421366161], [-112.230313064442, 33.6498171359769], [-112.230305064812, 33.6499931365344], [-112.230283064823, 33.6501671366353], [-112.230239063946, 33.6503621364626], [-112.230184063848, 33.650527135929], [-112.230109064078, 33.6506921364806], [-112.230039064341, 33.6508181362095], [-112.229926064021, 33.6509891361734], [-112.22981506463, 33.6511331368438], [-112.229301064104, 33.6517281369488], [-112.22922906474, 33.6518291362225], [-112.229158064382, 33.6519521363157], [-112.229096064296, 33.652095136948], [-112.22905306411, 33.6522431361721], [-112.22903206443, 33.6523761364628], [-112.229028064055, 33.6525091370791], [-112.229054432141, 33.6527364033044], [-112.220381993979, 33.6526336876958], [-112.21019514286, 33.652738639835], [-112.202971242386, 33.6528116663198], [-112.202909511942, 33.6528103467532], [-112.202002176033, 33.6528570677159], [-112.201033030196, 33.6529900840008], [-112.199981679246, 33.6532368696397], [-112.199332746129, 33.653446917176], [-112.198740187922, 33.6536593456454], [-112.197957492905, 33.6539068407085], [-112.196842251943, 33.6541507785327], [-112.19613763155, 33.6542438818568], [-112.195662040885, 33.6542811625207], [-112.19528808996, 33.6542962549136], [-112.186307975283, 33.6543441810369]]]}, "properties": {"DIS_NAME": "SAHUARO"}}, {"type": "Feature", "geometry": {"type": "Polygon", "coordinates": [[[-112.178974080128, 33.6978972501007], [-112.178974073539, 33.6978965017351], [-112.178973575999, 33.6978413977085], [-112.178761092082, 33.6974817842687], [-112.178683729793, 33.6975125408525], [-112.178605314169, 33.6975413736704], [-112.178525914179, 33.6975682582294], [-112.178445598793, 33.6975931709384], [-112.178364438064, 33.6976160891055], [-112.178282503137, 33.6976369936437], [-112.178199864077, 33.6976558663698], [-112.178116595274, 33.697672690895], [-112.178032767878, 33.6976874508377], [-112.177942954856, 33.6977012270448], [-112.177852791435, 33.6977132925726], [-112.177762321833, 33.6977236419167], [-112.177671594578, 33.6977322686624], [-112.17758065605, 33.6977391691046], [-112.177489553707, 33.6977443395358], [-112.177398333933, 33.6977477780546], [-112.17582663102, 33.6977920446346], [-112.172694707768, 33.6978111949667], [-112.171879347761, 33.6977967105761], [-112.171549743836, 33.6977829986418], [-112.17072087351, 33.697768256763], [-112.16973031121, 33.6977742812989], [-112.169697431078, 33.6977744811852], [-112.169539607572, 33.6908185973422], [-112.169591714694, 33.6835038769055], [-112.169483242316, 33.6835051997999], [-112.169355496262, 33.6762539443545], [-112.169249339024, 33.6702663605369], [-112.169357805051, 33.6702655978357], [-112.169466285325, 33.6702656510184], [-112.169443870785, 33.6690014566787], [-112.169203353027, 33.6617496787892], [-112.168969031944, 33.6545020097208], [-112.169096033601, 33.6472348406292], [-112.169253348336, 33.6391714859882], [-112.169358533954, 33.6391700294858], [-112.169361483643, 33.6390188123304], [-112.169359848203, 33.6390054844666], [-112.177810461482, 33.6388946102688], [-112.182077398431, 33.6388086617544], [-112.186487673767, 33.6387125125912], [-112.18642871866, 33.6435204965306], [-112.186400903916, 33.6457886325258], [-112.18637102517, 33.647167429631], [-112.186307975283, 33.6543441810369], [-112.19528808996, 33.6542962549136], [-112.195662040885, 33.6542811625207], [-112.19613763155, 33.6542438818568], [-112.196842251943, 33.6541507785327], [-112.197957492905, 33.6539068407085], [-112.198740187922, 33.6536593456454], [-112.199332746129, 33.653446917176], [-112.199981679246, 33.6532368696397], [-112.201033030196, 33.6529900840008], [-112.202002176033, 33.6528570677159], [-112.202909511942, 33.6528103467532], [-112.202971242386, 33.6528116663198], [-112.21019514286, 33.652738639835], [-112.220381993979, 33.6526336876958], [-112.229054432141, 33.6527364033044], [-112.229028064055, 33.6525091370791], [-112.22903206443, 33.6523761364628], [-112.22905306411, 33.6522431361721], [-112.229096064296, 33.652095136948], [-112.229158064382, 33.6519521363157], [-112.22922906474, 33.6518291362225], [-112.229301064104, 33.6517281369488], [-112.22981506463, 33.6511331368438], [-112.229926064021, 33.6509891361734], [-112.230039064341, 33.6508181362095], [-112.230109064078, 33.6506921364806], [-112.230184063848, 33.650527135929], [-112.230239063946, 33.6503621364626], [-112.230283064823, 33.6501671366353], [-112.230305064812, 33.6499931365344], [-112.230313064442, 33.6498171359769], [-112.230307063903, 33.6496421366161], [-112.230285063943, 33.6494641365103], [-112.230194064491, 33.6490191364308], [-112.230152064051, 33.6487591361357], [-112.230102064677, 33.6485471356388], [-112.230037063698, 33.6483241358211], [-112.229995064446, 33.6481621359127], [-112.229967063728, 33.6480091361279], [-112.229949064023, 33.6477961356509], [-112.229949063862, 33.6469901355697], [-112.22995506435, 33.6468841356016], [-112.229983064476, 33.6465731361459], [-112.230029064433, 33.6462131358824], [-112.230078063965, 33.6459491358018], [-112.2300950636, 33.6458701354323], [-112.230158063854, 33.6456341353847], [-112.230256063816, 33.6453441357914], [-112.230613063795, 33.6444631357727], [-112.230656064079, 33.6443561356035], [-112.231040063715, 33.6434601349438], [-112.231107063897, 33.6432841356147], [-112.231171063856, 33.6430631352879], [-112.231210064214, 33.6428701349159], [-112.231239063481, 33.6426531350101], [-112.231251063897, 33.6424221348503], [-112.23124606438, 33.6422571349942], [-112.231220063342, 33.6419651353271], [-112.231183063444, 33.6417591350263], [-112.231132063651, 33.6415671353575], [-112.231063064039, 33.6413851349502], [-112.230959063371, 33.6411621353202], [-112.230874063974, 33.6410031346536], [-112.230764063848, 33.6408231353483], [-112.230637063623, 33.6406451348248], [-112.230496063714, 33.6404751350389], [-112.230344063962, 33.6403151345473], [-112.230203063981, 33.6402111347821], [-112.230022063009, 33.6400911351236], [-112.229789063198, 33.6399581349727], [-112.229649063905, 33.6398741346582], [-112.229524063067, 33.6397871351554], [-112.229412063111, 33.6396971352504], [-112.229376063626, 33.6396641350384], [-112.229277063722, 33.6395631351305], [-112.229189062751, 33.6394561346869], [-112.229124063714, 33.6393561352259], [-112.229070062755, 33.6392481344832], [-112.229024063046, 33.6391121347086], [-112.229000063681, 33.6389861347616], [-112.228975063571, 33.6381851350901], [-112.228946874925, 33.6378690314137], [-112.229106307612, 33.63787102262], [-112.22920538505, 33.6379546915164], [-112.229487526633, 33.6379582141407], [-112.230236446159, 33.6379622629209], [-112.233093118501, 33.6379537886133], [-112.233221439697, 33.6378434899041], [-112.233450335206, 33.6378431363697], [-112.233567218701, 33.6378441506183], [-112.23366576031, 33.6378421983987], [-112.23380028804, 33.6379516975102], [-112.234993633749, 33.6379481308699], [-112.235322221721, 33.6379526440866], [-112.235612968961, 33.6379517718885], [-112.235912523141, 33.6379675129675], [-112.236664730053, 33.6379334972512], [-112.236665023758, 33.6380018294838], [-112.237519454402, 33.6379992142188], [-112.237525456566, 33.63815035174], [-112.23752568944, 33.6383015042271], [-112.237525514219, 33.6381507825882], [-112.237656940291, 33.6381503865007], [-112.237659084717, 33.640004957878], [-112.237839413615, 33.6396847479641], [-112.238559193105, 33.6384066109557], [-112.23866483303, 33.6383789765774], [-112.239283912157, 33.6383778525783], [-112.239284103659, 33.6384355661045], [-112.240072600279, 33.6384341195632], [-112.240070987998, 33.6385094879722], [-112.240066904727, 33.6385847916108], [-112.240060354555, 33.6386599727613], [-112.240051341578, 33.6387349755092], [-112.240039873123, 33.6388097430297], [-112.240025957604, 33.6388842202983], [-112.240009604499, 33.6389583495826], [-112.239990826532, 33.6390320758466], [-112.239969639659, 33.639105343144], [-112.239946056608, 33.6391780973403], [-112.239920098727, 33.6392502833766], [-112.239891781977, 33.6393218471094], [-112.239861129865, 33.6393927334741], [-112.239828164828, 33.6394628901134], [-112.239792912536, 33.6395322646618], [-112.239755398662, 33.6396008047533], [-112.238447088921, 33.6419069417459], [-112.237841974005, 33.6419080443027], [-112.237774220365, 33.6419081679731], [-112.23766151401, 33.642117459245], [-112.23766533638, 33.6454348048153], [-112.237675013826, 33.6525404223976], [-112.237543565889, 33.6525408195338], [-112.237511300121, 33.6525409167978], [-112.237510702825, 33.6525409183479], [-112.236596108894, 33.6525436798028], [-112.236596878741, 33.6527223160697], [-112.236597556079, 33.652813007585], [-112.23659800728, 33.6528734685953], [-112.236603765397, 33.6543127961686], [-112.236578889974, 33.6545244654867], [-112.236513344083, 33.6550689757486], [-112.236443439127, 33.655610812043], [-112.236325863787, 33.6561614293255], [-112.236293306041, 33.6563305218653], [-112.235542780666, 33.6563309425291], [-112.235567063818, 33.6599363193227], [-112.234848846041, 33.6599349682149], [-112.234808340046, 33.660024238213], [-112.234765381315, 33.6601139040281], [-112.234720455424, 33.6602028941307], [-112.23467357951, 33.660291177818], [-112.234624768548, 33.6603787243927], [-112.234574039685, 33.6604655058569], [-112.234521408976, 33.6605514915102], [-112.233408286764, 33.6623294932483], [-112.233407673564, 33.6623304695201], [-112.233404230258, 33.6623359658802], [-112.233354677674, 33.6624151157188], [-112.230456052321, 33.6670447557051], [-112.229081618739, 33.6670456774089], [-112.229081879172, 33.6671556014494], [-112.230454405822, 33.667154676463], [-112.229464097842, 33.6687520731545], [-112.229327278384, 33.6689778264066], [-112.229195453931, 33.6692056481358], [-112.229084140756, 33.6694026259123], [-112.228306986585, 33.6707790800745], [-112.227794413823, 33.671686430665], [-112.226910132152, 33.6716891953697], [-112.226910657862, 33.6732721154952], [-112.226333883413, 33.6744104460206], [-112.226200810651, 33.674410329438], [-112.226107245646, 33.6749637409727], [-112.225505916448, 33.6759182606585], [-112.224945067453, 33.6768121142917], [-112.224726672953, 33.6771825790629], [-112.224724434876, 33.6780477517225], [-112.223632382016, 33.6780543686996], [-112.223628707287, 33.6798706934167], [-112.222535560178, 33.679878189825], [-112.222531079555, 33.6815854661876], [-112.220451212271, 33.6816013758022], [-112.220450784652, 33.6817113139513], [-112.220501054083, 33.6889958065455], [-112.220392565305, 33.6889963013776], [-112.220261062539, 33.6889969274983], [-112.220281207969, 33.6962634298908], [-112.220281284133, 33.6962909123355], [-112.211757386202, 33.6962994470326], [-112.203098143741, 33.6963099003321], [-112.20310219151, 33.6977219083111], [-112.195375856297, 33.6977931729207], [-112.186917067304, 33.6978763398521], [-112.178974320423, 33.6979237882127], [-112.178974080128, 33.6978972501007]]]}, "properties": {"DIS_NAME": "CHOLLA"}}, {"type": "Feature", "geometry": {"type": "MultiPolygon", "coordinates": [[[[-112.42766486655, 33.5664198120406], [-112.428179724417, 33.5664179704948], [-112.429732243164, 33.5664124054868], [-112.430287364308, 33.5664094821038], [-112.431067886523, 33.5664076016257], [-112.431074441494, 33.5664077610314], [-112.431080914578, 33.5664082787403], [-112.431091854933, 33.5664099915327], [-112.431100383875, 33.5664120957524], [-112.431106890007, 33.5664141903448], [-112.431114548963, 33.5664172521468], [-112.431121874038, 33.5664208608468], [-112.431133327668, 33.5664281203842], [-112.431138350992, 33.5664320866945], [-112.431143797928, 33.5664371963659], [-112.431146511627, 33.5664400109233], [-112.431149322106, 33.5664431623032], [-112.431152644283, 33.5664475991422], [-112.431157256173, 33.5664548357184], [-112.431159032875, 33.566458023855], [-112.43116092324, 33.5664622159804], [-112.431162904177, 33.5664675140793], [-112.431164513803, 33.5664728597067], [-112.431165822392, 33.5664784788899], [-112.431166297727, 33.5664841664568], [-112.431166794908, 33.566491721293], [-112.43116678492, 33.5664987543664], [-112.431166486386, 33.5667073868904], [-112.431164625372, 33.5680067759557], [-112.431161492961, 33.5701940420689], [-112.431157793148, 33.5727776378699], [-112.431156935666, 33.5733762852699], [-112.430266792374, 33.5733800101424], [-112.428314019722, 33.5733881574314], [-112.42717339667, 33.5733928853176], [-112.427173315841, 33.5728045540717], [-112.427173189478, 33.5718984779931], [-112.427173169656, 33.5717267504739], [-112.427665633917, 33.5717247183337], [-112.427665596202, 33.5715128223818], [-112.4276654809, 33.5707098385774], [-112.427665323851, 33.5696139823497], [-112.42766486655, 33.5664198120406]]], [[[-112.40226921102, 33.5665209687856], [-112.404340464889, 33.5665418454101], [-112.408409901914, 33.5665827624664], [-112.409512890957, 33.5665938295914], [-112.409512960202, 33.5669946630486], [-112.409513349039, 33.5692280626401], [-112.409513376146, 33.5693854375763], [-112.409513819588, 33.5719243908136], [-112.409513822721, 33.5719427605475], [-112.409513842645, 33.5720554513274], [-112.409513900859, 33.5723917311392], [-112.409513980172, 33.5728482955672], [-112.409514091323, 33.5734804827923], [-112.406467483439, 33.5734479042072], [-112.402315637167, 33.5734033675409], [-112.402298827402, 33.5709116616055], [-112.402279131365, 33.5679917871684], [-112.402279034851, 33.5679774329272], [-112.40226921102, 33.5665209687856]]], [[[-112.43996413247, 33.5661834998805], [-112.444295693809, 33.5661678869067], [-112.444280336518, 33.5734038306987], [-112.444274569014, 33.5761219017212], [-112.444267001889, 33.5761219339791], [-112.435597215844, 33.576158526268], [-112.43561947718, 33.5698331306793], [-112.435619523953, 33.5698197046164], [-112.439946758131, 33.5698028877628], [-112.439953921894, 33.5698028601823], [-112.439964093991, 33.5661971188716], [-112.43996413247, 33.5661834998805]]], [[[-112.341674704888, 33.5440041062655], [-112.349136752423, 33.5440839145773], [-112.349156249093, 33.5444970188614], [-112.349662579405, 33.5448887596923], [-112.3499399835, 33.5506715544652], [-112.349625155379, 33.5509434294344], [-112.348653521483, 33.5509364098219], [-112.347079797521, 33.5503890812071], [-112.34195556911, 33.5503518708206], [-112.341870316368, 33.5502826100158], [-112.341860737227, 33.5500763417711], [-112.341827543319, 33.5500761004971], [-112.341749956267, 33.5484175692013], [-112.341835228891, 33.5484147715589], [-112.341753104472, 33.5466592176944], [-112.34166783464, 33.5466620143621], [-112.341546016319, 33.5440576928302], [-112.341674704888, 33.5440041062655]]], [[[-112.421617743074, 33.522798339001], [-112.426743183539, 33.5228147424772], [-112.426733820499, 33.5300038204894], [-112.426723049597, 33.5371935253846], [-112.42671789925, 33.5371934555284], [-112.426618019299, 33.537192092369], [-112.426617993035, 33.5372052226723], [-112.426617841219, 33.5372827872057], [-112.426633815851, 33.5406640702915], [-112.426628367552, 33.5406640882205], [-112.422882079286, 33.5406764434468], [-112.422882108062, 33.5406893219526], [-112.422890693301, 33.5445237269501], [-112.426651334579, 33.5443828761056], [-112.426651817948, 33.5444825821504], [-112.426668148418, 33.5478139107281], [-112.4266681818, 33.5478139105907], [-112.426674059436, 33.5490128598401], [-112.424807399457, 33.5490192921879], [-112.423615481456, 33.5502017908917], [-112.423618136281, 33.5516820888528], [-112.419607543772, 33.5516870663821], [-112.41948503989, 33.5505764351462], [-112.419317351088, 33.5494645768018], [-112.422709200356, 33.5494603840527], [-112.422709727219, 33.547812478327], [-112.419499910811, 33.5478098543577], [-112.419478339048, 33.547577585046], [-112.419245304118, 33.547577390535], [-112.419266874187, 33.5478096607991], [-112.419138475477, 33.5478095534595], [-112.419083829349, 33.5456188897243], [-112.419085599701, 33.5448985969979], [-112.419318396139, 33.5448899005009], [-112.419318962869, 33.544657652081], [-112.419086577184, 33.5446663252693], [-112.419091114547, 33.5427909352449], [-112.419449808349, 33.5380389522454], [-112.419449853297, 33.5378510672257], [-112.419449852981, 33.5378506407345], [-112.419590112467, 33.5375191057641], [-112.419595317154, 33.5375068029035], [-112.419575536075, 33.5368417892487], [-112.419575569468, 33.5368417918181], [-112.419444776616, 33.5364498802631], [-112.419444294083, 33.5347117603966], [-112.419334187349, 33.5335755382464], [-112.419080150239, 33.5309539955475], [-112.419091217786, 33.5303714891979], [-112.419109572958, 33.5294042284917], [-112.419250737164, 33.5277585399081], [-112.419475031987, 33.5263665725921], [-112.419477086599, 33.5263538217488], [-112.419521937996, 33.5261091985712], [-112.41962292871, 33.5255799151135], [-112.419666494583, 33.5253627459395], [-112.419686444014, 33.5252443937063], [-112.419858502463, 33.5243841031942], [-112.41986293026, 33.5235728468265], [-112.419974859384, 33.5229612602038], [-112.419977189556, 33.5229485289649], [-112.42062213507, 33.5229356653346], [-112.421617743074, 33.522798339001]]], [[[-112.422931902981, 33.5478479860021], [-112.422931894317, 33.5478727207564], [-112.422892507299, 33.5478726915421], [-112.422892486214, 33.5479331542741], [-112.422997516951, 33.5479331792577], [-112.422997546729, 33.5478480025104], [-112.422931902981, 33.5478479860021]]], [[[-112.413886969164, 33.515415054862], [-112.418054182757, 33.5154254195835], [-112.41805479803, 33.517268969609], [-112.417882243721, 33.5190611849494], [-112.417879424338, 33.5190611765205], [-112.413890954443, 33.5190497982289], [-112.41388698262, 33.5154275683105], [-112.413886969164, 33.515415054862]]], [[[-112.409747664648, 33.5154033712633], [-112.413859711306, 33.5154028148702], [-112.413895055627, 33.5225822905204], [-112.413895193913, 33.522593852183], [-112.414939533518, 33.5225972295703], [-112.416724594325, 33.5223530099843], [-112.416728306256, 33.5229465776754], [-112.417617647632, 33.5229919884125], [-112.417724284764, 33.5233945511426], [-112.417725618979, 33.5237961836542], [-112.417858212398, 33.5265684046149], [-112.417673434812, 33.5289449478432], [-112.417659540661, 33.529907792066], [-112.417655006721, 33.5299077463873], [-112.417167348015, 33.5299028094088], [-112.417167164907, 33.5299155021518], [-112.417165836846, 33.5300073396959], [-112.417165802811, 33.5300096544378], [-112.417161423895, 33.5303127058658], [-112.417653618869, 33.5303176894265], [-112.417639188931, 33.5313176044312], [-112.417465540918, 33.5335860915045], [-112.417465069335, 33.5335922536638], [-112.417275434071, 33.5360694566616], [-112.417272251815, 33.536411001816], [-112.417267245875, 33.5364111320564], [-112.416701924138, 33.5364257960084], [-112.416699043091, 33.5364383643802], [-112.416606811312, 33.5368407119799], [-112.416604541939, 33.5368407707336], [-112.416317725748, 33.5368482093613], [-112.413741644161, 33.537078695267], [-112.413741647358, 33.5370907290217], [-112.413741664824, 33.5371694037863], [-112.414766831207, 33.5371692357398], [-112.414766852853, 33.5372599289196], [-112.416323893671, 33.5374576433943], [-112.41717329392, 33.5375284518899], [-112.417245029079, 33.537795140901], [-112.417278472048, 33.5382680599198], [-112.417639697416, 33.5426074703848], [-112.417639230225, 33.5444578550948], [-112.417633609198, 33.5444578390644], [-112.409610018126, 33.5444344661366], [-112.409501710992, 33.544434147065], [-112.409493934789, 33.5371700128997], [-112.409488443574, 33.5335905722218], [-112.401294714133, 33.533597042469], [-112.401275493687, 33.5299929210644], [-112.401167200682, 33.529992682018], [-112.40114780968, 33.5263549941734], [-112.401147746299, 33.5263430489886], [-112.409369374001, 33.5263407909788], [-112.409368050883, 33.5256596318557], [-112.409473053929, 33.5256600788245], [-112.409467067393, 33.5225794320312], [-112.409788560626, 33.5225804842741], [-112.409788553096, 33.5225799162468], [-112.409747664648, 33.5154033712633]]], [[[-112.401256394358, 33.5264108494323], [-112.401256457779, 33.526422799125], [-112.401257126342, 33.5265482623213], [-112.401433029572, 33.5265482195762], [-112.401437603984, 33.5265482188041], [-112.401436870638, 33.526410805923], [-112.401256394358, 33.5264108494323]]], [[[-112.409317895109, 33.5298454871182], [-112.409317919721, 33.5298578003249], [-112.409318227349, 33.5300103836294], [-112.409477553134, 33.5300107244752], [-112.409482302201, 33.5300107344319], [-112.409481970726, 33.5298458379198], [-112.409317895109, 33.5298454871182]]], [[[-112.409705032784, 33.5335904233691], [-112.409705052101, 33.5336027410975], [-112.409707776791, 33.5353762829657], [-112.412121857359, 33.5353757949817], [-112.412126936122, 33.535375793598], [-112.412124121401, 33.5335894666232], [-112.412124121097, 33.5335894134255], [-112.411761904834, 33.5335892696383], [-112.409705032784, 33.5335904233691]]], [[[-112.392626267482, 33.5084159001534], [-112.400917446634, 33.5083903943834], [-112.400940351191, 33.511803715786], [-112.400936680719, 33.5118037274291], [-112.39264882446, 33.5118293243231], [-112.3926263437, 33.5084274630207], [-112.392626267482, 33.5084159001534]]], [[[-112.332454649589, 33.5077819118227], [-112.340971398969, 33.5079328339987], [-112.34954188255, 33.508164406607], [-112.349542127113, 33.508260655043], [-112.353827750707, 33.5083768099463], [-112.353860561682, 33.5083776986401], [-112.353860562591, 33.5083780935741], [-112.353860641016, 33.5084050337865], [-112.353860641845, 33.5084051987916], [-112.353880781939, 33.5153184971743], [-112.357955583947, 33.5153698713648], [-112.358136046284, 33.5153721435119], [-112.358283694547, 33.5153728074631], [-112.358316504434, 33.5153729546863], [-112.358316591576, 33.5153992140583], [-112.35831659564, 33.5154004376262], [-112.358328328351, 33.5189646388143], [-112.358399926215, 33.5189653086374], [-112.366725348183, 33.5190428572002], [-112.371010629942, 33.5190827668876], [-112.371014911376, 33.519082807088], [-112.370936231023, 33.5154836976627], [-112.370935858807, 33.5154668538176], [-112.370935654412, 33.5154576105304], [-112.370935627727, 33.5154562121206], [-112.375202266407, 33.5154747798587], [-112.383801711276, 33.5154676367725], [-112.383805722112, 33.5154676333696], [-112.383684527947, 33.5082729278291], [-112.383684339785, 33.5082617440785], [-112.39236937485, 33.5082655260908], [-112.401031151095, 33.5082388831915], [-112.40954827355, 33.5082084799999], [-112.418209185692, 33.5082186822665], [-112.426869257145, 33.5082280137618], [-112.435514249388, 33.5082469144204], [-112.44416397403, 33.508264840853], [-112.452801576629, 33.5082487274394], [-112.461363217951, 33.5082320599327], [-112.461347225848, 33.5154156840815], [-112.461331595993, 33.5226645688592], [-112.461316758335, 33.5299096979933], [-112.46130349871, 33.5371553077068], [-112.461433878363, 33.5443834212918], [-112.461565168254, 33.5516365832844], [-112.461555911692, 33.5588913606311], [-112.461546027638, 33.5661479771239], [-112.461537922024, 33.5733904400989], [-112.461532720784, 33.5805774068201], [-112.461524860099, 33.5805774116728], [-112.452936673711, 33.5805824496086], [-112.444264587654, 33.580587031013], [-112.435582073568, 33.5806242009569], [-112.426903457521, 33.5806583923163], [-112.418261632436, 33.5806678262195], [-112.409622054602, 33.5806698662253], [-112.409622055066, 33.5806506218831], [-112.402366796033, 33.5805734450156], [-112.393697562172, 33.5804703141475], [-112.393697628776, 33.580482028397], [-112.393698028767, 33.5805527710392], [-112.393690081285, 33.5805526700287], [-112.385044532997, 33.5804426399196], [-112.380717455715, 33.5803874802789], [-112.380716924815, 33.5803049919586], [-112.376391973217, 33.5802496838739], [-112.367721396295, 33.5801981538873], [-112.35904849743, 33.5801453060165], [-112.359048543845, 33.5801554586829], [-112.359040636552, 33.5801554103051], [-112.359040677431, 33.5801644782793], [-112.350420584547, 33.5800932624262], [-112.350367384125, 33.565675745351], [-112.350367060233, 33.5655932910109], [-112.341856004227, 33.5655285909119], [-112.341826462056, 33.5584023326563], [-112.341826423537, 33.5583929319098], [-112.350332493834, 33.5584564879272], [-112.350339039992, 33.5584565362285], [-112.350316091394, 33.5526091905382], [-112.349779620772, 33.5526050704248], [-112.349566400244, 33.5524936085161], [-112.349349107653, 33.5523878034909], [-112.349127957011, 33.5522877595504], [-112.348903166127, 33.5521935752218], [-112.348674956393, 33.552105343261], [-112.348443552565, 33.5520231505618], [-112.348209182544, 33.55194707807], [-112.347972077149, 33.5518772007041], [-112.347732469892, 33.5518135872811], [-112.347490596748, 33.5517563004491], [-112.34724669592, 33.5517053966255], [-112.347001007607, 33.5516609259417], [-112.346753773769, 33.5516229321933], [-112.346505237886, 33.5515914527976], [-112.346255644718, 33.5515665187562], [-112.346005240068, 33.5515481546248], [-112.346004387239, 33.5511223134316], [-112.341694403368, 33.5510920242115], [-112.333052988391, 33.5510171710727], [-112.324390057686, 33.5509359372792], [-112.315682271849, 33.5508493087319], [-112.306967253537, 33.5507624772776], [-112.306967224716, 33.5507349914845], [-112.298441444242, 33.5508321888164], [-112.289884307748, 33.5509245637625], [-112.289752996099, 33.5509259585714], [-112.289661338234, 33.5509276882355], [-112.289644657409, 33.5509280035799], [-112.281096893775, 33.5510899324899], [-112.272664441652, 33.5512484106597], [-112.272483920827, 33.551251796917], [-112.272483939796, 33.5512580004237], [-112.272483978132, 33.5512710304971], [-112.272477894203, 33.5512711661012], [-112.268148770193, 33.5513673082206], [-112.268148398306, 33.5513480719215], [-112.263748080858, 33.5514456400452], [-112.255019742586, 33.5516389708383], [-112.246368323568, 33.5518254899425], [-112.246298667023, 33.551826063134], [-112.245994808561, 33.5518285569759], [-112.245720952882, 33.551830804429], [-112.245071029889, 33.551836134924], [-112.245071175905, 33.5517674210083], [-112.242116744039, 33.5517916083985], [-112.242116769024, 33.5517965486455], [-112.242117093195, 33.5518603165084], [-112.242110963619, 33.5518603668841], [-112.237863298432, 33.5518950181885], [-112.237863356944, 33.551899771702], [-112.23786353433, 33.5519142405261], [-112.237857368489, 33.5519143872653], [-112.229117832233, 33.552122482571], [-112.220384061468, 33.5523334301378], [-112.220473670975, 33.5487849738795], [-112.2204794018, 33.5473743772861], [-112.220488859767, 33.5451530120576], [-112.216064844722, 33.5452558569927], [-112.211723564111, 33.545346315614], [-112.211739609092, 33.5417348521636], [-112.211775484967, 33.5381353317584], [-112.220468483662, 33.5379221865574], [-112.220494253174, 33.5356726075007], [-112.220500999615, 33.5343176592196], [-112.22050349231, 33.5336230104833], [-112.220510101714, 33.5322288983037], [-112.22051706044, 33.5307001155584], [-112.220525634369, 33.5289294747855], [-112.220533098589, 33.5273106828157], [-112.220532085464, 33.5253861314654], [-112.220542635876, 33.5234698475652], [-112.218341545604, 33.52351250903], [-112.211840403173, 33.52363843388], [-112.203112107343, 33.5238459702551], [-112.203153361056, 33.5166025989188], [-112.20317590119, 33.5093590712469], [-112.203176677422, 33.5092506810343], [-112.203176700214, 33.5092474718707], [-112.211844920841, 33.5090641973155], [-112.220347600335, 33.5088879032865], [-112.220526244439, 33.5088842002545], [-112.22911907579, 33.5087864723113], [-112.237730958436, 33.5086905029537], [-112.246408227604, 33.5086917203326], [-112.25512023905, 33.5086934108261], [-112.2638616968, 33.508450773038], [-112.27250323573, 33.5082095891704], [-112.272873775263, 33.5081634544657], [-112.272869681257, 33.508169879032], [-112.272718912654, 33.5084064560329], [-112.272718897489, 33.5084074839992], [-112.272717449813, 33.5085081587658], [-112.272714142225, 33.5085081826984], [-112.27260916487, 33.5085089559267], [-112.272533668942, 33.5085112223384], [-112.272533579233, 33.5085174433321], [-112.272432052258, 33.5155699058418], [-112.272432008307, 33.5155728436597], [-112.272507509715, 33.5155706800661], [-112.272401863987, 33.5227911004878], [-112.280231100085, 33.5227057522457], [-112.280231604964, 33.5227057471571], [-112.280352391559, 33.5224931090431], [-112.280356166097, 33.5224864642693], [-112.28126193918, 33.5224539124398], [-112.281266191957, 33.5224537592591], [-112.2812663832, 33.5223713077857], [-112.281266398242, 33.5223646298678], [-112.290006665761, 33.5223149956786], [-112.294388649256, 33.5221305376693], [-112.294392908334, 33.52213035787], [-112.294387204106, 33.5189423749784], [-112.294387191521, 33.5189352688433], [-112.298682288718, 33.5187553472097], [-112.298686349587, 33.5187551768914], [-112.29867419088, 33.5151417296771], [-112.298674166317, 33.5151344261075], [-112.306765332134, 33.514796204862], [-112.306857618303, 33.5216060589635], [-112.306939608589, 33.5216026059969], [-112.306944454679, 33.5219601334057], [-112.31542972568, 33.5219991476065], [-112.323915526776, 33.5220380530114], [-112.32398677024, 33.5220390838164], [-112.323990993772, 33.5220391447673], [-112.324003393302, 33.5147838320819], [-112.324003407606, 33.5147751695606], [-112.332450679325, 33.5149780959714], [-112.332454476389, 33.5149781869206], [-112.332454649582, 33.5077909133363], [-112.332454649589, 33.5077819118227]]], [[[-112.332487455619, 33.50780998386], [-112.33248745562, 33.5078189862752], [-112.332487286166, 33.5150064689933], [-112.332483488024, 33.5150063780488], [-112.324036169361, 33.5148034522393], [-112.324036155069, 33.5148121165638], [-112.324023758932, 33.5220671054928], [-112.324019534321, 33.5220670445465], [-112.323915516706, 33.5220655363281], [-112.31542954498, 33.52202662968], [-112.313308418067, 33.5220169374577], [-112.313308420697, 33.5220250607114], [-112.313310699188, 33.5258681252563], [-112.313310967834, 33.5262901379131], [-112.313311172809, 33.5292449515176], [-112.315058197787, 33.5292526513077], [-112.315431203298, 33.5292541009638], [-112.31543131488, 33.5296070107591], [-112.31543255636, 33.5328797474846], [-112.317419166689, 33.5328864012542], [-112.317401982303, 33.5328946432236], [-112.316511535253, 33.5333217136159], [-112.316514559537, 33.5333261365167], [-112.318507698574, 33.5362406816964], [-112.32177383563, 33.536250169692], [-112.321773796495, 33.5363188778789], [-112.3239092566, 33.5363250204392], [-112.324539685712, 33.5363317046235], [-112.324539671588, 33.536359189693], [-112.326218300683, 33.5363769725435], [-112.326218255677, 33.5364649243969], [-112.326498638408, 33.5364678929856], [-112.326503771359, 33.5364679472314], [-112.326503810999, 33.5363887308761], [-112.326503814998, 33.5363799953837], [-112.327104380446, 33.536386350563], [-112.327104367134, 33.5364138356264], [-112.328185719006, 33.5364252708248], [-112.328185720191, 33.5364857384005], [-112.33245710135, 33.5365308177499], [-112.332462247226, 33.5365308717054], [-112.332462218299, 33.536479400298], [-112.332462212915, 33.5364704042541], [-112.341017226068, 33.5365613742992], [-112.34101733202, 33.5366218423773], [-112.344880163563, 33.5366630837655], [-112.344885334221, 33.5366631389223], [-112.344877968518, 33.5336025019431], [-112.344877945183, 33.5335929640536], [-112.349605671539, 33.5336432783824], [-112.349613227731, 33.5367134525134], [-112.358026908849, 33.5367978460779], [-112.358032102115, 33.5367978979], [-112.358005105151, 33.5297144498454], [-112.358005066674, 33.5297043331345], [-112.358049542772, 33.5297048725389], [-112.358054292074, 33.5297049304526], [-112.358041308748, 33.5261146722242], [-112.357992085136, 33.5261140261941], [-112.357979107476, 33.5225237180629], [-112.357955683326, 33.5154000466986], [-112.357955673985, 33.515397358818], [-112.353848050856, 33.5153455702818], [-112.35382783086, 33.5084043100979], [-112.349509387461, 33.5082872644954], [-112.349509142956, 33.5081910205677], [-112.340971444868, 33.5079603243776], [-112.332487455619, 33.50780998386]]], [[[-112.318556591652, 33.5367217806707], [-112.318561096567, 33.5367301417625], [-112.31973153197, 33.538902406503], [-112.319762616267, 33.5401329310609], [-112.319757036378, 33.5401329050418], [-112.31549539628, 33.5401130404492], [-112.315495537428, 33.5401212660238], [-112.315557297574, 33.5437195737564], [-112.3155515645, 33.5437195372221], [-112.313407923603, 33.5437058197094], [-112.312333237265, 33.5436989286912], [-112.311795894124, 33.5436954796838], [-112.311258551001, 33.5436920283443], [-112.311291382965, 33.5472902243529], [-112.311323217473, 33.5507784698095], [-112.315682660274, 33.5508218270179], [-112.324389138103, 33.5509084436269], [-112.333053355162, 33.550989689401], [-112.341555179883, 33.5510633363999], [-112.341561666291, 33.5510633925864], [-112.34122921451, 33.5439582035216], [-112.336993535865, 33.5439161944183], [-112.336992809218, 33.5439024444802], [-112.335744646758, 33.5438900372747], [-112.335745045169, 33.5438991825565], [-112.335750629806, 33.544027525752], [-112.335744623087, 33.5440274658319], [-112.335586339937, 33.5440258923985], [-112.335582750209, 33.5439433883062], [-112.332759292457, 33.5439152810773], [-112.324152374077, 33.543829177617], [-112.324150535258, 33.5437741893417], [-112.324137077617, 33.5433704128997], [-112.324136789423, 33.5433617766608], [-112.325958201952, 33.5433800482937], [-112.325957809247, 33.5434075291716], [-112.332741407951, 33.5434753443618], [-112.335666620432, 33.5435044729336], [-112.335666230799, 33.5435319538181], [-112.341205683151, 33.5435869233582], [-112.341211708145, 33.5435869829508], [-112.340898423227, 33.536972391814], [-112.340794632186, 33.5368613511195], [-112.332461008558, 33.5367725432461], [-112.332460872886, 33.5367815379598], [-112.332460593154, 33.536800024241], [-112.332455571091, 33.5367999716733], [-112.323915081743, 33.5367098880859], [-112.323915376295, 33.5367185134937], [-112.323916016751, 33.5367373015055], [-112.323910569566, 33.5367372860564], [-112.318556591652, 33.5367217806707]]], [[[-112.270701476756, 33.5372951313722], [-112.264056311097, 33.5374953843477], [-112.263957780846, 33.5375807867659], [-112.263957777951, 33.5375822168428], [-112.263956463882, 33.5382651982647], [-112.263905428531, 33.5392020308577], [-112.263901711366, 33.5411337893133], [-112.2638962887, 33.5411337819767], [-112.263771615824, 33.5411336139348], [-112.263771604051, 33.5411395578569], [-112.263765163304, 33.544486033286], [-112.263759531056, 33.5444861780142], [-112.262352733794, 33.5445223430773], [-112.260502718151, 33.5445698766043], [-112.260502459742, 33.5445698836336], [-112.258327740749, 33.5446257283519], [-112.25723974802, 33.544653646248], [-112.255271399797, 33.5447041383968], [-112.255262071164, 33.5447043767028], [-112.255245152794, 33.5447048106872], [-112.255071663308, 33.5447092595538], [-112.255064603318, 33.544709442954], [-112.255053201078, 33.5447097707675], [-112.25493330511, 33.5447109630692], [-112.254933269444, 33.5447164571152], [-112.254906231518, 33.5488960574596], [-112.254900347988, 33.5488961844385], [-112.250707115437, 33.5489866860987], [-112.250706329384, 33.5489867026462], [-112.250706308622, 33.5489919414721], [-112.250695433145, 33.5517047837589], [-112.255019920787, 33.5516114753923], [-112.257202899882, 33.5515631791989], [-112.257361394593, 33.5515596729507], [-112.257367332126, 33.5515595411973], [-112.257367450574, 33.5515595381663], [-112.257372519605, 33.5505921512429], [-112.257208458539, 33.5505957819129], [-112.257220881338, 33.5482254540534], [-112.257220910344, 33.5482199465034], [-112.257247871327, 33.5482192871556], [-112.257253719207, 33.548219143933], [-112.2572550151, 33.5479716738965], [-112.257255044097, 33.547966164543], [-112.25831175424, 33.5479403335307], [-112.258489005453, 33.5479359995617], [-112.258472363568, 33.5515350769968], [-112.258472679072, 33.551535069814], [-112.260475451947, 33.551490695578], [-112.260477365444, 33.551490655099], [-112.263747211786, 33.5514181664666], [-112.26827588073, 33.5513177498196], [-112.268281952829, 33.5513176153573], [-112.26828194115, 33.5512961229325], [-112.268281938384, 33.5512901231579], [-112.268303775947, 33.5512896346452], [-112.268296860163, 33.5510711347021], [-112.268576511486, 33.5507046591004], [-112.271175347563, 33.5478784299317], [-112.272365417522, 33.5478486689097], [-112.272359477566, 33.5458669289703], [-112.272357971224, 33.5458727473377], [-112.272335120551, 33.5459609991997], [-112.272308146808, 33.5460550778405], [-112.272278696302, 33.5461486352022], [-112.272246783909, 33.5462416243528], [-112.272212424517, 33.5463340010656], [-112.272175635155, 33.546425718402], [-112.272136435022, 33.5465167330244], [-112.272094841156, 33.5466069997973], [-112.272050875984, 33.5466964744718], [-112.272004558704, 33.5467851137096], [-112.271955913906, 33.5468728750585], [-112.271904964015, 33.5469597142691], [-112.271851734698, 33.5470455888861], [-112.271796251627, 33.5471304582572], [-112.271738542618, 33.547214279019], [-112.27167863443, 33.5472970123195], [-112.271616558116, 33.5473786165893], [-112.271552341509, 33.5474590520712], [-112.271552634122, 33.5474576635455], [-112.271957074359, 33.5455379111224], [-112.271980329034, 33.5454214842307], [-112.272001105607, 33.5453047299203], [-112.272019398854, 33.5451876842745], [-112.272035203549, 33.5450703842784], [-112.272048512322, 33.5449528678247], [-112.272059323179, 33.5448351718887], [-112.272067631976, 33.5447173334519], [-112.272073435646, 33.5445993903941], [-112.27207673327, 33.5444813787857], [-112.272077522861, 33.5443633365029], [-112.27207580566, 33.544245301413], [-112.272071580757, 33.544127311389], [-112.27206484938, 33.5440094015927], [-112.272055614935, 33.5438916116878], [-112.272043878655, 33.5437739777375], [-112.272029646089, 33.5436565375957], [-112.272012921702, 33.543539327316], [-112.27199370889, 33.5434223847583], [-112.271972015355, 33.5433057477698], [-112.27194784771, 33.5431894514959], [-112.271921212582, 33.5430735337868], [-112.271892119823, 33.5429580315814], [-112.271860578199, 33.5428429800186], [-112.271826597569, 33.5427284178404], [-112.271790188851, 33.5426143792774], [-112.271751362969, 33.5425009003635], [-112.27171013193, 33.5423880189325], [-112.271666510959, 33.5422757692023], [-112.271620512051, 33.5421641863017], [-112.271572149364, 33.5420533071563], [-112.271521440271, 33.5419431650758], [-112.27113657833, 33.5411590097428], [-112.270673423302, 33.5399110677192], [-112.270540670247, 33.5391615857], [-112.270523792161, 33.5375787034979], [-112.270619693961, 33.5373585334177], [-112.270621915995, 33.5373534325606], [-112.27069726663, 33.5373246834287], [-112.27070264083, 33.5373226329675], [-112.270701476756, 33.5372951313722]]], [[[-112.233383624548, 33.5379212280355], [-112.231229751374, 33.5379502950594], [-112.231229775003, 33.5379547375956], [-112.231238548391, 33.540017697252], [-112.231756543659, 33.540010414791], [-112.232328787697, 33.5400023868625], [-112.232331637368, 33.5402383258208], [-112.232333346921, 33.5403795214855], [-112.232336610465, 33.5406496232569], [-112.232813487022, 33.5406439713306], [-112.233035609682, 33.5406413382966], [-112.233401120829, 33.5406370560029], [-112.233401624311, 33.5407042409461], [-112.233403134923, 33.5409061348041], [-112.233406011472, 33.5412903238826], [-112.233029192886, 33.5412956034956], [-112.231247274859, 33.5413205607688], [-112.231247685695, 33.5413994858713], [-112.231255889271, 33.5413993739608], [-112.233408574584, 33.5413704264751], [-112.233410245664, 33.5413704041671], [-112.233410245993, 33.5413704943346], [-112.237596860705, 33.5413126821681], [-112.237602364911, 33.5413126056868], [-112.237589239891, 33.540243578844], [-112.233401996405, 33.5403014481048], [-112.233397795286, 33.5397571846795], [-112.233383624548, 33.5379212280355]]], [[[-112.23423816339, 33.5441625291081], [-112.233431884735, 33.5441738960523], [-112.233431919568, 33.5441784260178], [-112.233437612542, 33.5449159519194], [-112.23343190567, 33.5449160314398], [-112.231275156812, 33.544946161213], [-112.22909807135, 33.5449765373721], [-112.229098084816, 33.5449808780395], [-112.229098245938, 33.5450319363279], [-112.229092553055, 33.5450320165147], [-112.220776718446, 33.5451485102403], [-112.220776702226, 33.5451524876045], [-112.220776269042, 33.5452584643884], [-112.220668206267, 33.5453501414714], [-112.220654203653, 33.5487749891809], [-112.220715617829, 33.548773818585], [-112.220715685024, 33.5487567234194], [-112.229110851755, 33.5486355007386], [-112.229110854984, 33.5486363979044], [-112.231286816322, 33.5486051007736], [-112.231267779115, 33.5450610633644], [-112.231267755509, 33.5450566289483], [-112.233437996931, 33.5450260292668], [-112.233452926053, 33.5469809002439], [-112.237230101748, 33.5469274060466], [-112.237242973865, 33.5475807839975], [-112.237673237225, 33.5475747352803], [-112.237679132703, 33.5475746523699], [-112.237646608419, 33.5449163163535], [-112.237646551153, 33.5449116034069], [-112.237772091354, 33.5449098316206], [-112.237777820829, 33.54490975094], [-112.237777145898, 33.5448547870204], [-112.234243898136, 33.5449045984241], [-112.23423816339, 33.5441625291081]]], [[[-112.246377956708, 33.5483728607362], [-112.237952512121, 33.5484560571547], [-112.237952570618, 33.5484608061625], [-112.237964269375, 33.5494167859585], [-112.23917082751, 33.5494042572333], [-112.239176755497, 33.5494041958069], [-112.239178980277, 33.5489551983961], [-112.239179004443, 33.5489503986801], [-112.242102643815, 33.5489199904557], [-112.242104944713, 33.549373741364], [-112.242109565078, 33.5502807029245], [-112.242103533657, 33.550280765665], [-112.241059264296, 33.5502916346685], [-112.241059288997, 33.5502965154068], [-112.241061220167, 33.5506763951488], [-112.241055163949, 33.5506764579033], [-112.239030354955, 33.5506975076157], [-112.239030413671, 33.5507022989994], [-112.239034133567, 33.5510059802168], [-112.239044567772, 33.5518579123271], [-112.242078002954, 33.5518331524065], [-112.242084131451, 33.5518331020352], [-112.242083807298, 33.5517693323685], [-112.242083782322, 33.5517643939248], [-112.245065144803, 33.5517399844148], [-112.245071231294, 33.5517399349088], [-112.24507809092, 33.5484408828791], [-112.245078101935, 33.5484358244148], [-112.246372010983, 33.5484223870141], [-112.246377894748, 33.5484223262626], [-112.246377956708, 33.5483728607362]]], [[[-112.233465097926, 33.5485744717986], [-112.231832690244, 33.5485978362614], [-112.231853009238, 33.5520244286803], [-112.234576448959, 33.5519595877205], [-112.234582655729, 33.5519594401379], [-112.23454810297, 33.5503294324201], [-112.234548006675, 33.5503248981089], [-112.237705944724, 33.5502606773631], [-112.237712007154, 33.5502605543438], [-112.237697550958, 33.5490800692931], [-112.23687276782, 33.549082205009], [-112.236872785321, 33.5490869496146], [-112.236874283506, 33.5494931056896], [-112.236868308212, 33.5494931896701], [-112.233472478837, 33.5495408614104], [-112.233465097926, 33.5485744717986]]], [[[-112.229119164389, 33.5516357450173], [-112.228431110016, 33.5516523851615], [-112.228432543384, 33.552106020424], [-112.229116730339, 33.5520895153549], [-112.229120574585, 33.5520894236006], [-112.229119164389, 33.5516357450173]]], [[[-112.298460714988, 33.5436923136921], [-112.290002974767, 33.5437195784711], [-112.290002907163, 33.5437266451475], [-112.289951961558, 33.5490136045003], [-112.292052908273, 33.5489909792274], [-112.292034809319, 33.5508739165166], [-112.2984374575, 33.5508047467736], [-112.298441019691, 33.5508047078377], [-112.298443474883, 33.5508046795286], [-112.298460714988, 33.5436923136921]]], [[[-112.272354518743, 33.5441274087802], [-112.272190425696, 33.5441316391326], [-112.272190443383, 33.5441377993695], [-112.27219081739, 33.5442691092632], [-112.272349263407, 33.5442650240708], [-112.272354910697, 33.5442648789088], [-112.272354518743, 33.5441274087802]]], [[[-112.341154142044, 33.5368239466558], [-112.341154586283, 33.5368333280111], [-112.341478539597, 33.5436721754245], [-112.342793605112, 33.5436862747089], [-112.342799639831, 33.5436863396008], [-112.342475136732, 33.5368380628347], [-112.341154142044, 33.5368239466558]]], [[[-112.358328819052, 33.5190194656056], [-112.358328851061, 33.5190295769467], [-112.358333270756, 33.5204111839925], [-112.360268957685, 33.5204068214398], [-112.361007041202, 33.5195409578756], [-112.361013738856, 33.5195331009454], [-112.360868355374, 33.5194036279009], [-112.360832366999, 33.5193728978124], [-112.360794870617, 33.5193434598192], [-112.36075593109, 33.5193153668864], [-112.36071561756, 33.5192886674558], [-112.360674001323, 33.5192634099613], [-112.360631155804, 33.5192396383207], [-112.360587156573, 33.5192173946411], [-112.36054208133, 33.5191967174149], [-112.360496008853, 33.5191776442297], [-112.360449021116, 33.5191602072509], [-112.360314658999, 33.5191131492038], [-112.360265971156, 33.5190971122433], [-112.360216509691, 33.5190828336072], [-112.36016636408, 33.5190703382212], [-112.360115628091, 33.5190596491927], [-112.360064392253, 33.5190507869355], [-112.360012750293, 33.5190437664422], [-112.359960798088, 33.519038601796], [-112.359908629334, 33.5190353016781], [-112.359856339868, 33.5190338720572], [-112.358328819052, 33.5190194656056]]], [[[-112.388027181004, 33.5082911945695], [-112.388027314786, 33.5083025687724], [-112.38811130518, 33.5154628394371], [-112.388107351402, 33.515462843664], [-112.383838534279, 33.5154675979959], [-112.383838722493, 33.5154787826347], [-112.383838997432, 33.5154950875908], [-112.383834985519, 33.5154950909988], [-112.375202095988, 33.5155022619257], [-112.370969194867, 33.5154838418713], [-112.37096905385, 33.5154838414868], [-112.370969286019, 33.5154944849831], [-112.371048335494, 33.5191106023266], [-112.371044051905, 33.5191105621353], [-112.366724983472, 33.5190703390567], [-112.365053169683, 33.5190548111915], [-112.365053170525, 33.5190549743928], [-112.365053208297, 33.5190652164513], [-112.365066005699, 33.5225332897159], [-112.366783534846, 33.5225575343238], [-112.375404158218, 33.5226797476421], [-112.383928589502, 33.5226504814074], [-112.389358467225, 33.5226320077434], [-112.392442761041, 33.5198151718387], [-112.392446906383, 33.5198113859942], [-112.39244197645, 33.5190965136351], [-112.392441897045, 33.5190849589148], [-112.401103912087, 33.5190622269682], [-112.403768365823, 33.5190544497483], [-112.403792865051, 33.5226862418664], [-112.403788514825, 33.5226862535646], [-112.402771210963, 33.522688998626], [-112.401136221976, 33.5241807160954], [-112.401136264019, 33.5241886425867], [-112.401147746299, 33.5263430489886], [-112.401143184812, 33.5263430487977], [-112.401017544227, 33.5263430478696], [-112.401037017816, 33.5299915068875], [-112.396839102402, 33.5299821826908], [-112.396855735984, 33.533601756067], [-112.401056232986, 33.5335968429596], [-112.401074958664, 33.5371114746872], [-112.401073865825, 33.5371114798637], [-112.401074347963, 33.5372021659083], [-112.401074171385, 33.5372021665991], [-112.401327369657, 33.5408242449437], [-112.392797750799, 33.5408638425407], [-112.393057378289, 33.5444850244628], [-112.39738526347, 33.5444716613796], [-112.397633557771, 33.5480433230408], [-112.401832994413, 33.5480549218323], [-112.402025878054, 33.5508178830197], [-112.399155250992, 33.5508275015189], [-112.39921799542, 33.5516471948722], [-112.402215880386, 33.5516669717023], [-112.409618826392, 33.5517163055548], [-112.409620898124, 33.558974305006], [-112.417736422473, 33.5588632474184], [-112.417736679436, 33.5612985463888], [-112.417244647674, 33.5650086622068], [-112.417244759043, 33.5661105946936], [-112.417237781745, 33.5661105949573], [-112.409621412567, 33.5661105178706], [-112.409621413623, 33.5661228347058], [-112.409621421153, 33.5662314419674], [-112.409614435901, 33.5662313715027], [-112.40226754366, 33.566156914298], [-112.393616681909, 33.5660692909031], [-112.393616747246, 33.5660809790363], [-112.393617186012, 33.5661600008535], [-112.393610138213, 33.5661599143981], [-112.384952417707, 33.566053173424], [-112.376299844943, 33.5659465280866], [-112.376299272612, 33.5658537524936], [-112.367592776741, 33.565796851472], [-112.367572067649, 33.5513712721856], [-112.367572052841, 33.5513607514809], [-112.376208251404, 33.55142261779], [-112.384435844221, 33.5515101562607], [-112.384436270733, 33.5515139642279], [-112.384872025456, 33.5515185846961], [-112.384878808141, 33.5515186564275], [-112.384873079459, 33.5514278956095], [-112.376203951029, 33.5513357004787], [-112.367575912622, 33.5512739276396], [-112.358934742297, 33.5512121711106], [-112.358826284935, 33.55121131597], [-112.35852009485, 33.545152675081], [-112.354684501583, 33.5451142947516], [-112.35463264105, 33.5440871271746], [-112.3414684977, 33.5439455970201], [-112.341468937808, 33.5439549982144], [-112.341801553743, 33.5510652948939], [-112.346037105244, 33.5510950594861], [-112.346039010781, 33.5515225092285], [-112.346287872799, 33.5515415474573], [-112.346535908296, 33.5515670503021], [-112.346782877808, 33.5515989931411], [-112.347028542902, 33.551637345135], [-112.347272666402, 33.5516820692569], [-112.347515012621, 33.5517331223281], [-112.347755347585, 33.5517904550594], [-112.347993439261, 33.5518540120989], [-112.348229057781, 33.5519237320854], [-112.348461975662, 33.5519995477077], [-112.348691968028, 33.5520813857693], [-112.348918812824, 33.5521691672591], [-112.349142291033, 33.5522628074277], [-112.349362186887, 33.5523622158694], [-112.349578288072, 33.5524672966088], [-112.349790385938, 33.552577948194], [-112.350348808583, 33.5525819345645], [-112.350371974937, 33.5584842655107], [-112.3503654277, 33.5584842172149], [-112.341859365451, 33.5584206625437], [-112.341859403979, 33.5584300641917], [-112.341888720404, 33.5655013570376], [-112.350399782349, 33.5655660539766], [-112.35040021294, 33.5656756600825], [-112.350453318651, 33.5800660497199], [-112.359040553363, 33.5801369939416], [-112.359040512484, 33.5801279259674], [-112.359048417619, 33.5801279743529], [-112.359048371205, 33.5801178216865], [-112.367721633599, 33.5801706718608], [-112.376391796226, 33.580222195268], [-112.380708809779, 33.5802774023875], [-112.38071674753, 33.5802775033667], [-112.380670806104, 33.5731473548822], [-112.376343947491, 33.5730928809399], [-112.376304153592, 33.5666446707973], [-112.376304085896, 33.5666337238293], [-112.380624190167, 33.5666870457877], [-112.380631274625, 33.566687132845], [-112.380627979253, 33.5661485125352], [-112.380627911081, 33.5661373771233], [-112.384953306097, 33.5661906130204], [-112.393617949178, 33.5662974380957], [-112.393656899373, 33.5733099333197], [-112.393697405551, 33.580442826417], [-112.402367261519, 33.5805459656888], [-112.407347512192, 33.5806022705334], [-112.407348712136, 33.5782271808574], [-112.409610815838, 33.5782513659083], [-112.40962200052, 33.5771197224125], [-112.40962200053, 33.5771074073982], [-112.413934809539, 33.5771062203442], [-112.413942472821, 33.5771062184076], [-112.413942491742, 33.5734928056497], [-112.413942491786, 33.573482293071], [-112.411766579604, 33.5734829894032], [-112.410865212225, 33.5734832663233], [-112.410503261699, 33.5734833756236], [-112.409729608442, 33.5734836062147], [-112.409729543813, 33.5734836064721], [-112.409729413023, 33.5723840381498], [-112.409729254767, 33.5714891671428], [-112.409729185024, 33.5710909335005], [-112.409729182459, 33.5710789241511], [-112.409873638329, 33.5710788815141], [-112.409873595846, 33.5708425870045], [-112.409873215895, 33.5687096585674], [-112.410004534652, 33.5687096203536], [-112.410004155504, 33.5665969743087], [-112.411101360839, 33.5665970715706], [-112.413837253046, 33.5665972732734], [-112.417084755457, 33.5665974337563], [-112.417087340095, 33.567135104438], [-112.417090917737, 33.567879246584], [-112.417109634622, 33.5683129730921], [-112.417355655458, 33.5699744045949], [-112.417385540986, 33.5703411691193], [-112.417430037896, 33.5715991139123], [-112.417428428721, 33.572251157299], [-112.41742539838, 33.5734790230967], [-112.417770569557, 33.573478891156], [-112.417770494354, 33.5759219554417], [-112.417277852562, 33.579632014176], [-112.417277816802, 33.5806406092544], [-112.418261622102, 33.5806403433774], [-112.423054933166, 33.5806351850082], [-112.423054740182, 33.5805029109301], [-112.420269823001, 33.5804477621884], [-112.420268955625, 33.5800352501769], [-112.419776414635, 33.5800255777235], [-112.419777171269, 33.5804377881422], [-112.419448778991, 33.5804316586816], [-112.419446530761, 33.5788568533383], [-112.419159675031, 33.5771355216455], [-112.419190041743, 33.573479821102], [-112.419224440134, 33.5693702297363], [-112.419588290328, 33.5672074462044], [-112.419588320979, 33.5665966728491], [-112.425020087257, 33.5665959267109], [-112.425104560551, 33.5665916366789], [-112.425189181588, 33.5665906901178], [-112.425273761645, 33.5665930891387], [-112.42535811209, 33.5665988283912], [-112.425442044801, 33.5666078950751], [-112.425525372591, 33.5666202689699], [-112.425607909618, 33.5666359224787], [-112.425689471808, 33.5666548206906], [-112.425769877255, 33.5666769214581], [-112.425848946638, 33.5667021754915], [-112.425926503612, 33.5667305264682], [-112.426002375206, 33.5667619111589], [-112.426076392205, 33.5667962595683], [-112.426148389533, 33.5668334950911], [-112.426218206616, 33.5668735346831], [-112.426285687741, 33.5669162890462], [-112.426361509167, 33.5669706282965], [-112.426433461758, 33.5670285369879], [-112.426501306092, 33.5670898224358], [-112.426564816416, 33.5671542807192], [-112.426564826876, 33.5672088335701], [-112.426499168643, 33.5672088425338], [-112.426499199634, 33.5673737381784], [-112.426564857992, 33.5673737292135], [-112.426564996072, 33.5681116641739], [-112.426566548692, 33.5683664026398], [-112.426570829239, 33.568621119207], [-112.426577837393, 33.5688757934042], [-112.426587572616, 33.5691304047632], [-112.426600034149, 33.5693849328208], [-112.426615221014, 33.5696393571205], [-112.426633132015, 33.5698936572135], [-112.426653765736, 33.5701478126614], [-112.426686858541, 33.5701476754066], [-112.426687503784, 33.5734765058362], [-112.42669002529, 33.5806311499261], [-112.42690344768, 33.5806309094871], [-112.435581917704, 33.5805967187552], [-112.444264647716, 33.5805595479165], [-112.45293665131, 33.5805549668803], [-112.461492046767, 33.580549949794], [-112.461499906372, 33.5805499449481], [-112.461505091046, 33.5733904232261], [-112.461513198687, 33.5661480179357], [-112.46152308611, 33.5588913292816], [-112.461532342656, 33.5516366267606], [-112.46140106215, 33.5443838370671], [-112.461270680403, 33.5371554691699], [-112.461283943641, 33.5299096556503], [-112.46129878388, 33.5226646734663], [-112.461314416582, 33.5154156344782], [-112.461330349645, 33.5082596082199], [-112.452801651386, 33.5082762102602], [-112.444163976095, 33.5082923240035], [-112.443983537585, 33.5082919560292], [-112.443984101511, 33.5154611435775], [-112.443985550759, 33.5225403227945], [-112.435507890037, 33.5225444465183], [-112.426852015958, 33.5225475537476], [-112.426851817104, 33.5227261921782], [-112.422601846289, 33.5227126213163], [-112.422602386547, 33.5225944461475], [-112.422372701113, 33.5225937087937], [-112.422372827528, 33.5225662260459], [-112.421851015474, 33.522564548496], [-112.420621294426, 33.5223675036096], [-112.419977820365, 33.5223281270425], [-112.419880311476, 33.5222220224526], [-112.419885802115, 33.5209916255134], [-112.41947736094, 33.5169021741143], [-112.419471085701, 33.5140187615526], [-112.419921080634, 33.513578459507], [-112.422533465694, 33.5135813400137], [-112.422503387917, 33.5082508683548], [-112.418209141876, 33.5082461647457], [-112.409548326024, 33.5082359630089], [-112.401031289136, 33.5082663658832], [-112.392369556436, 33.5082930086385], [-112.388027181004, 33.5082911945695]]], [[[-112.365066674914, 33.5227147135351], [-112.365066713658, 33.5227251422319], [-112.365070012, 33.5236188173649], [-112.365821546362, 33.5236168689522], [-112.365823776929, 33.5262190187966], [-112.365819277169, 33.5262236706512], [-112.365701525075, 33.5263454033195], [-112.365577902915, 33.5264708513335], [-112.365577908162, 33.5264766590351], [-112.365580258298, 33.5292252391502], [-112.365575567153, 33.5292251804125], [-112.358363964324, 33.5291343876433], [-112.358364000775, 33.529144521494], [-112.358366053612, 33.5297087728222], [-112.366788020686, 33.529813369947], [-112.375385585108, 33.5299195572208], [-112.375390283824, 33.529919614657], [-112.375406491647, 33.5228611371837], [-112.366781777711, 33.5227389227512], [-112.365066674914, 33.5227147135351]]], [[[-112.357127455591, 33.5370307186791], [-112.355510513039, 33.5370385889236], [-112.355511011091, 33.5370485110369], [-112.355533473629, 33.5374957480171], [-112.35625077459, 33.5375029303158], [-112.356256478293, 33.5375029876137], [-112.356253529157, 33.5374442798558], [-112.356253025041, 33.5374342405499], [-112.357074620148, 33.5374424625562], [-112.357099544094, 33.5379099556623], [-112.358078231822, 33.5379185273837], [-112.358083965663, 33.5379185772765], [-112.358065785436, 33.5375568173533], [-112.357408509107, 33.5375502452705], [-112.357382532523, 33.5370332709171], [-112.357127455591, 33.5370307186791]]], [[[-112.246370985493, 33.5517814952337], [-112.246298762817, 33.5517820959971], [-112.246298751037, 33.5517872175783], [-112.246298724173, 33.5517985761292], [-112.246364862556, 33.5517980339465], [-112.24636774104, 33.5517980100512], [-112.246370954291, 33.5517979464921], [-112.246370985493, 33.5517814952337]]], [[[-112.268270384207, 33.5085615398328], [-112.268205243137, 33.5085633585423], [-112.268205172826, 33.5085693955348], [-112.268205082395, 33.5085771115251], [-112.268237902629, 33.508576196056], [-112.268266891412, 33.5085753870306], [-112.268270225632, 33.5085752937112], [-112.268270384207, 33.5085615398328]]], [[[-112.254938687199, 33.5089407318253], [-112.254938661436, 33.5089462826821], [-112.254938622262, 33.5089544728141], [-112.255115664754, 33.508954501449], [-112.255119066105, 33.5089545020756], [-112.255119131376, 33.5089408539597], [-112.254938687199, 33.5089407318253]]], [[[-112.272353277894, 33.5114694142595], [-112.271556255714, 33.5114815301904], [-112.271556165946, 33.5114877538859], [-112.271548140063, 33.5120448539303], [-112.27234164022, 33.5120327914264], [-112.272345168485, 33.5120327380157], [-112.272353277894, 33.5114694142595]]], [[[-112.263802076226, 33.5158198182228], [-112.26379957804, 33.5158198883413], [-112.255193763853, 33.5160608316291], [-112.255193736656, 33.5160662860031], [-112.25517581936, 33.5196911889668], [-112.263760544377, 33.5196148507322], [-112.263760599278, 33.5196148505784], [-112.263764633884, 33.5196148140259], [-112.263802076226, 33.5158198182228]]], [[[-112.30694447492, 33.5219876509122], [-112.306836197018, 33.5219922110021], [-112.306836202263, 33.5219998527514], [-112.306841564779, 33.5292207584132], [-112.306844265497, 33.5328511297893], [-112.306839346205, 33.5328511326638], [-112.306839351174, 33.5328589502285], [-112.306821299761, 33.5328589584064], [-112.306823791148, 33.5362062229655], [-112.306955062329, 33.5362066100223], [-112.30708633461, 33.5362070023465], [-112.307086472197, 33.536391139639], [-112.311189199879, 33.5364033366771], [-112.311194339102, 33.5364033518636], [-112.31119427118, 33.5362684660106], [-112.311194267019, 33.5362604392594], [-112.311871750839, 33.5362624403562], [-112.311876881441, 33.536262455542], [-112.311876416745, 33.5353527591184], [-112.311193809474, 33.5353507427808], [-112.311190734118, 33.5292369004928], [-112.311187103918, 33.5220072058979], [-112.30694447492, 33.5219876509122]]], [[[-112.272238362131, 33.5298216614219], [-112.272146472666, 33.5298243353954], [-112.272146487126, 33.5298305001642], [-112.27214649119, 33.5298320194893], [-112.272146813405, 33.5299618041864], [-112.272233951337, 33.5299592745976], [-112.272238703042, 33.5299591365235], [-112.272238362131, 33.5298216614219]]]]}, "properties": {"DIS_NAME": "YUCCA"}}, {"type": "Feature", "geometry": {"type": "MultiPolygon", "coordinates": [[[[-112.246369050848, 33.551784760865], [-112.246369019646, 33.5518012121234], [-112.246365806395, 33.5518012756825], [-112.246362927911, 33.5518012995778], [-112.246296789526, 33.5518018417594], [-112.246296816389, 33.5517904832085], [-112.24629682817, 33.5517853616274], [-112.246369050848, 33.551784760865]]], [[[-112.229117229096, 33.5516390103829], [-112.229118639282, 33.5520926889661], [-112.228430608056, 33.5521092857789], [-112.228429174697, 33.5516556505165], [-112.229117229096, 33.5516390103829]]], [[[-112.233463162864, 33.5485777372325], [-112.233470543755, 33.5495441268439], [-112.236866373259, 33.549496455156], [-112.236872348554, 33.5494963711756], [-112.236870850377, 33.5490902151007], [-112.236870832876, 33.5490854704952], [-112.237695616046, 33.549083334792], [-112.237710072216, 33.5502638198423], [-112.237704009786, 33.5502639428616], [-112.234546071616, 33.5503281635588], [-112.234546167911, 33.5503326978699], [-112.234580720635, 33.5519627055876], [-112.234574513865, 33.5519628531701], [-112.23185107404, 33.552027694088], [-112.23183075512, 33.5486011016701], [-112.233463162864, 33.5485777372325]]], [[[-112.422929975098, 33.5478512543377], [-112.422995618848, 33.5478512708469], [-112.422995589069, 33.5479364475943], [-112.422890558327, 33.547936422609], [-112.422890579414, 33.547875959877], [-112.422929966434, 33.5478759890919], [-112.422929975098, 33.5478512543377]]], [[[-112.246376022138, 33.548376126369], [-112.246375960177, 33.5484255918954], [-112.246370076413, 33.5484256526468], [-112.245076167316, 33.5484390900275], [-112.2450761563, 33.5484441484918], [-112.245069296601, 33.5517432005202], [-112.24506321011, 33.551743250026], [-112.242081847516, 33.5517676594901], [-112.242081872491, 33.5517725979338], [-112.242082196643, 33.5518363676006], [-112.242076068146, 33.5518364179717], [-112.239042632849, 33.5518611778456], [-112.239032198662, 33.5510092457354], [-112.239028478773, 33.5507055645182], [-112.239028420058, 33.5507007731344], [-112.241053229128, 33.5506797234532], [-112.241059285346, 33.5506796606988], [-112.241057354184, 33.550299780957], [-112.241057329484, 33.5502949002186], [-112.242101598885, 33.5502840312312], [-112.242107630305, 33.5502839684908], [-112.24210300996, 33.5493770069306], [-112.242100709072, 33.5489232560225], [-112.239177069589, 33.5489536642018], [-112.239177045423, 33.5489584639179], [-112.239174820634, 33.5494074613284], [-112.239168892646, 33.5494075227547], [-112.237962334465, 33.5494200514613], [-112.237950635728, 33.5484640716655], [-112.237950577231, 33.5484593226578], [-112.246376022138, 33.548376126369]]], [[[-112.272352585248, 33.5441306748142], [-112.272352977199, 33.5442681449427], [-112.272347329908, 33.5442682901046], [-112.272188883886, 33.5442723752947], [-112.272188509881, 33.544141065401], [-112.272188492195, 33.5441349051641], [-112.272352585248, 33.5441306748142]]], [[[-112.234236228455, 33.5441657945556], [-112.234241963185, 33.5449078638714], [-112.237775211081, 33.5448580525221], [-112.237775886011, 33.5449130164417], [-112.237770156536, 33.5449130971223], [-112.23764461633, 33.5449148689067], [-112.237644673596, 33.5449195818532], [-112.237677197823, 33.5475779178691], [-112.237671302344, 33.5475780007793], [-112.237241038968, 33.54758404949], [-112.237228166865, 33.5469306715391], [-112.233450991026, 33.5469841656782], [-112.233436061947, 33.5450292947016], [-112.231265820442, 33.5450598943497], [-112.231265844048, 33.5450643287657], [-112.231284881178, 33.5486083661738], [-112.229107910782, 33.5486396775391], [-112.220713749478, 33.5487599886566], [-112.220713685513, 33.5487770838144], [-112.220652268104, 33.5487782544172], [-112.220666270794, 33.5453534067092], [-112.220774333575, 33.545261729628], [-112.220774766761, 33.5451557528441], [-112.220774782981, 33.5451517754799], [-112.229090617907, 33.5450352818825], [-112.22909631079, 33.5450352016959], [-112.229096149669, 33.5449841434075], [-112.229096136203, 33.5449798027401], [-112.231273221748, 33.5449494266146], [-112.233429970688, 33.5449192968745], [-112.23343567756, 33.5449192173543], [-112.233429984602, 33.5441816914529], [-112.233429949769, 33.5441771614873], [-112.234236228455, 33.5441657945556]]], [[[-112.192782773021, 33.5441588919071], [-112.194598554933, 33.545697657892], [-112.19459902895, 33.5456980598808], [-112.19277847697, 33.5457304916914], [-112.192782773021, 33.5441588919071]]], [[[-112.298458782488, 33.5436955801272], [-112.298441542226, 33.5508079459607], [-112.298439087035, 33.5508079742698], [-112.298435524844, 33.5508080132056], [-112.29203287642, 33.5508771828503], [-112.292050975415, 33.5489942455622], [-112.28995002862, 33.5490168708028], [-112.290000974343, 33.5437299114527], [-112.290001041947, 33.5437228447763], [-112.298458782488, 33.5436955801272]]], [[[-112.233381689718, 33.5379244934723], [-112.233395860416, 33.5397604501158], [-112.233400061524, 33.540304713541], [-112.237587305168, 33.5402468443447], [-112.237600430166, 33.5413158711873], [-112.237594925959, 33.5413159476685], [-112.233408311088, 33.5413737597705], [-112.233408310759, 33.541373669603], [-112.233406639679, 33.541373691911], [-112.231253954284, 33.5414026393634], [-112.231245750707, 33.5414027512738], [-112.23122784009, 33.5379580029992], [-112.231227816462, 33.537953560463], [-112.233381689718, 33.5379244934723]]], [[[-112.357125525454, 33.5370339860147], [-112.357380602395, 33.5370365382567], [-112.357406578969, 33.5375535126102], [-112.358063855322, 33.5375600847032], [-112.358082035542, 33.5379218446264], [-112.358076301701, 33.5379217947336], [-112.357097613936, 33.5379132229972], [-112.35707269, 33.5374457298909], [-112.356251094861, 33.5374375078721], [-112.356251598978, 33.537447547178], [-112.356254548112, 33.5375062549359], [-112.35624884441, 33.5375061976379], [-112.355531543422, 33.5374990153282], [-112.355509080892, 33.5370517783478], [-112.35550858284, 33.5370418562346], [-112.357125525454, 33.5370339860147]]], [[[-112.270699543348, 33.5372983973834], [-112.270700707421, 33.5373258989787], [-112.270695333221, 33.5373279494399], [-112.270619982583, 33.5373566985705], [-112.270617760548, 33.5373617994276], [-112.27052185874, 33.5375819695063], [-112.270538736792, 33.539164851708], [-112.270671489835, 33.539914333729], [-112.271134644854, 33.5411622757592], [-112.271519506792, 33.5419464310978], [-112.271570215885, 33.542056573179], [-112.271618578571, 33.5421674523252], [-112.271664577478, 33.5422790352265], [-112.271708198449, 33.5423912849573], [-112.271749429486, 33.5425041663888], [-112.271788255368, 33.5426176453033], [-112.271824664085, 33.5427316838668], [-112.271858644713, 33.5428462460455], [-112.271890186335, 33.5429612976088], [-112.271919279094, 33.5430767998145], [-112.27194591422, 33.5431927175241], [-112.271970081863, 33.5433090137983], [-112.271991775397, 33.543425650787], [-112.272010988207, 33.543542593345], [-112.272027712592, 33.5436598036249], [-112.272041945156, 33.5437772437669], [-112.272053681433, 33.5438948777173], [-112.272062915877, 33.5440126676223], [-112.27206964725, 33.5441305774187], [-112.272073872152, 33.5442485674427], [-112.27207558935, 33.5443666025326], [-112.272074799757, 33.5444846448153], [-112.272071502129, 33.5446026564237], [-112.272065698457, 33.5447205994813], [-112.272057389657, 33.5448384379179], [-112.272046578797, 33.5449561338537], [-112.272033270021, 33.5450736503072], [-112.272017465322, 33.545190950303], [-112.271999172073, 33.5453079959484], [-112.271978395496, 33.5454247502585], [-112.271955140818, 33.5455411771497], [-112.271550700523, 33.5474609295659], [-112.271550407911, 33.5474623180917], [-112.271614624522, 33.5473818826107], [-112.271676700839, 33.547300278342], [-112.271736609032, 33.5472175450424], [-112.271794318045, 33.5471337242815], [-112.27184980112, 33.5470488549112], [-112.271903030441, 33.5469629802951], [-112.271953980335, 33.5468761410853], [-112.272002625138, 33.5467883797372], [-112.272048942421, 33.5466997405002], [-112.272092907597, 33.5466102658264], [-112.272134501466, 33.5465199990541], [-112.272173701602, 33.5464289844324], [-112.272210490968, 33.5463372670966], [-112.272244850364, 33.5462448903844], [-112.27227676276, 33.5461519012342], [-112.272306213269, 33.5460583438731], [-112.272333187014, 33.5459642652327], [-112.272356037691, 33.5458760133712], [-112.272357544033, 33.5458701950038], [-112.272363483945, 33.5478519349425], [-112.271173413941, 33.5478816959461], [-112.268574577704, 33.5507079250738], [-112.268294926362, 33.5510744006711], [-112.268301842141, 33.5512929006142], [-112.268280004578, 33.5512933891266], [-112.268280007344, 33.5512993889012], [-112.268280019023, 33.5513208813259], [-112.268273946923, 33.5513210157882], [-112.263745277806, 33.5514214323655], [-112.260475431338, 33.5514939209475], [-112.260473517841, 33.5514939614265], [-112.25847074489, 33.5515383356317], [-112.258470429386, 33.5515383428144], [-112.258487071351, 33.547939265381], [-112.25830982013, 33.5479435993473], [-112.257253109948, 33.5479694303434], [-112.25725308095, 33.5479749396969], [-112.257251785052, 33.5482224097333], [-112.257245937171, 33.5482225529557], [-112.257218976188, 33.5482232123032], [-112.257218947181, 33.5482287198531], [-112.257206524329, 33.5505990477116], [-112.257370585402, 33.5505954170441], [-112.257365516349, 33.551562803967], [-112.257365397902, 33.5515628069979], [-112.257359460369, 33.5515629387513], [-112.257200965651, 33.5515664449971], [-112.255017986473, 33.5516147411568], [-112.250693498666, 33.5517080494568], [-112.250704374202, 33.5489952071712], [-112.250704394965, 33.5489899683454], [-112.250705181018, 33.5489899517979], [-112.254898413729, 33.5488994502023], [-112.25490429726, 33.5488993232235], [-112.254931335278, 33.5447197228811], [-112.254931370944, 33.5447142288351], [-112.255051266916, 33.5447130365352], [-112.255062669157, 33.5447127087219], [-112.255069729147, 33.5447125253218], [-112.25524321864, 33.5447080764579], [-112.25526013701, 33.5447076424737], [-112.255269465644, 33.5447074041679], [-112.257237813943, 33.5446569120494], [-112.258325806713, 33.5446289941701], [-112.26050052579, 33.5445731494852], [-112.260500784198, 33.5445731424559], [-112.262350799913, 33.5445256089574], [-112.263757597229, 33.544489443916], [-112.263763229476, 33.5444892991879], [-112.263769670297, 33.5411428237602], [-112.263769682071, 33.541136879838], [-112.26389435495, 33.5411370478818], [-112.263899777617, 33.5411370552185], [-112.263903494824, 33.5392052967637], [-112.263954530198, 33.5382684641719], [-112.263955844282, 33.5375854827502], [-112.263955847177, 33.5375840526733], [-112.264054377434, 33.5374986502567], [-112.270699543348, 33.5372983973834]]], [[[-112.341152211307, 33.5368272137473], [-112.342473206045, 33.5368413299464], [-112.342797709007, 33.543689606715], [-112.342791674288, 33.543689541823], [-112.341476608723, 33.5436754425186], [-112.341152655546, 33.5368365951027], [-112.341152211307, 33.5368272137473]]], [[[-112.318554660064, 33.5367250474163], [-112.32390863818, 33.5367405528841], [-112.323914085365, 33.5367405683333], [-112.323913444909, 33.5367217803214], [-112.323913150358, 33.5367131549136], [-112.332453640027, 33.5368032386317], [-112.332458662089, 33.5368032911995], [-112.332458941822, 33.5367848049183], [-112.332459077494, 33.5367758102046], [-112.340792701435, 33.5368646182055], [-112.340896492478, 33.5369756589015], [-112.341209777263, 33.5435902500409], [-112.341203752269, 33.5435901904482], [-112.335664299709, 33.5435352208233], [-112.335664689342, 33.5435077399389], [-112.332739476752, 33.5434786113222], [-112.325955877792, 33.5434107960282], [-112.325956270498, 33.5433833151503], [-112.324134857901, 33.5433650434895], [-112.324135146094, 33.5433736797284], [-112.324148603727, 33.5437774561705], [-112.324150442545, 33.5438324444458], [-112.332757361248, 33.5439185480378], [-112.335580819107, 33.54394665531], [-112.335584408833, 33.5440291594022], [-112.335742691989, 33.5440307328381], [-112.335748698708, 33.5440307927583], [-112.335743114074, 33.5439024495627], [-112.335742715663, 33.543893304281], [-112.33699087817, 33.5439057115055], [-112.336991604816, 33.5439194614437], [-112.341227283621, 33.5439614706117], [-112.341559735259, 33.5510666596791], [-112.341553248851, 33.5510666034926], [-112.333051423811, 33.5509929563636], [-112.324387206426, 33.5509117104568], [-112.315680728269, 33.5508250937145], [-112.311321285304, 33.5507817364392], [-112.311289450872, 33.5472934909834], [-112.311256618985, 33.5436952949756], [-112.311793962128, 33.5436987463234], [-112.312331305289, 33.543702195339], [-112.313405991668, 33.5437090863736], [-112.315549632646, 33.5437228039191], [-112.31555536572, 33.5437228404535], [-112.31549360565, 33.5401245327213], [-112.315493464503, 33.5401163071467], [-112.319755104761, 33.5401361718046], [-112.31976068465, 33.5401361978238], [-112.319729600379, 33.5389056732658], [-112.318559164978, 33.5367334085082], [-112.318554660064, 33.5367250474163]]], [[[-112.40970310471, 33.5335936915079], [-112.411759976838, 33.5335925378085], [-112.412122193115, 33.5335926816011], [-112.412122193418, 33.5335927347988], [-112.412125008101, 33.5353790617731], [-112.412119929337, 33.5353790631568], [-112.409705848679, 33.535379551104], [-112.409703124026, 33.5336060092363], [-112.40970310471, 33.5335936915079]]], [[[-112.190160198927, 33.5307283301012], [-112.190158516932, 33.5313020767119], [-112.189473570556, 33.5313135428528], [-112.189475258151, 33.5307397962273], [-112.190160198927, 33.5307283301012]]], [[[-112.409315967102, 33.5298487552523], [-112.409480042725, 33.5298491060564], [-112.409480374196, 33.5300140025685], [-112.409475625129, 33.5300139926117], [-112.409316299338, 33.5300136517634], [-112.409315991713, 33.529861068459], [-112.409315967102, 33.5298487552523]]], [[[-112.272236428945, 33.5298249274595], [-112.272236769852, 33.5299624025611], [-112.272232018147, 33.5299625406351], [-112.272144880213, 33.5299650702226], [-112.272144558, 33.5298352855256], [-112.272144553936, 33.5298337662005], [-112.272144539476, 33.5298276014316], [-112.272236428945, 33.5298249274595]]], [[[-112.40125446612, 33.5264141174447], [-112.401434942407, 33.5264140739382], [-112.40143567575, 33.5265514868194], [-112.401431101338, 33.5265514875914], [-112.401255198101, 33.5265515303337], [-112.401254529541, 33.5264260671375], [-112.40125446612, 33.5264141174447]]], [[[-112.365064745389, 33.522717980997], [-112.36677984825, 33.5227421902392], [-112.375404562509, 33.5228644048033], [-112.375388354532, 33.5299228822739], [-112.375383655815, 33.5299228248377], [-112.366786091071, 33.5298166374327], [-112.358364123681, 33.5297120401794], [-112.358362070857, 33.5291477888513], [-112.358362034405, 33.5291376550006], [-112.365573637505, 33.5292284478799], [-112.36557832865, 33.5292285066177], [-112.365575978574, 33.5264799265035], [-112.365575973327, 33.5264741188019], [-112.365699595495, 33.5263486707898], [-112.365817347595, 33.5262269381234], [-112.365821847355, 33.5262222862688], [-112.365819616845, 33.5236201364253], [-112.365068082455, 33.5236220848265], [-112.365064784132, 33.5227284096938], [-112.365064745389, 33.522717980997]]], [[[-112.306942543215, 33.5219909174853], [-112.311185172373, 33.522010472536], [-112.311188802415, 33.5292401671283], [-112.311191877638, 33.5353540094142], [-112.311874484935, 33.5353560257622], [-112.31187494961, 33.5362657221854], [-112.311869819008, 33.5362657069996], [-112.311192335163, 33.5362637058924], [-112.311192339324, 33.5362717326436], [-112.311192407243, 33.5364066184966], [-112.311187268019, 33.53640660331], [-112.307084540182, 33.5363944062091], [-112.3070844026, 33.5362102689166], [-112.306953130314, 33.5362098765904], [-112.306821859128, 33.5362094895316], [-112.306819367814, 33.5328622249736], [-112.306819361774, 33.532854408314], [-112.306819470516, 33.5328544079714], [-112.306837414259, 33.5328543992313], [-112.306842333551, 33.5328543963569], [-112.306839632913, 33.5292240249821], [-112.306834270554, 33.5220031193228], [-112.306834265309, 33.5219954775736], [-112.306942543215, 33.5219909174853]]], [[[-112.358326889352, 33.5190227329659], [-112.359854410225, 33.5190371394407], [-112.359906699694, 33.5190385690625], [-112.359958868449, 33.5190418691811], [-112.360010820656, 33.5190470338281], [-112.360062462618, 33.5190540543223], [-112.360113698458, 33.5190629165803], [-112.360164434448, 33.5190736056095], [-112.360214580062, 33.5190861009963], [-112.360264041528, 33.5191003796331], [-112.360312729372, 33.5191164165944], [-112.360447091493, 33.5191634746434], [-112.360494079232, 33.519180911623], [-112.360540151711, 33.519199984809], [-112.360585226954, 33.5192206620357], [-112.360629226187, 33.5192429057161], [-112.360672071707, 33.5192666773573], [-112.360713687945, 33.5192919348525], [-112.360754001476, 33.5193186342836], [-112.360792941004, 33.519346727217], [-112.360830437386, 33.5193761652108], [-112.360866425762, 33.5194068952999], [-112.361011809247, 33.5195363683465], [-112.361005111592, 33.5195442252765], [-112.360267028028, 33.5204100888292], [-112.358331341026, 33.5204144513523], [-112.358326921361, 33.5190328443069], [-112.358326889352, 33.5190227329659]]], [[[-112.263800143028, 33.5158230841362], [-112.263762700601, 33.5196180799373], [-112.263758665995, 33.5196181164897], [-112.263758611094, 33.5196181166435], [-112.255173885752, 33.5196944547462], [-112.255191803128, 33.5160695517841], [-112.255191830325, 33.5160640974101], [-112.263797644842, 33.5158231542546], [-112.263800143028, 33.5158230841362]]], [[[-112.272351345114, 33.511472680306], [-112.272343235692, 33.5120360040618], [-112.272339707427, 33.5120360574724], [-112.27154620724, 33.5120481199642], [-112.271554233136, 33.5114910199201], [-112.271554322904, 33.5114847962246], [-112.272351345114, 33.511472680306]]], [[[-112.254936753818, 33.5089439976052], [-112.255117198001, 33.5089441197424], [-112.25511713273, 33.5089577678582], [-112.255113731378, 33.5089577672316], [-112.25493668888, 33.5089577385939], [-112.254936728055, 33.508949548462], [-112.254936753818, 33.5089439976052]]], [[[-112.38802525266, 33.5082944623864], [-112.392367628256, 33.5082962765216], [-112.401029361283, 33.5082696338982], [-112.409546398494, 33.5082392311536], [-112.418207214673, 33.5082494330221], [-112.422501460876, 33.5082541366965], [-112.422531538539, 33.5135846083542], [-112.41991915338, 33.5135817278078], [-112.419469158421, 33.5140220298464], [-112.419475433598, 33.5169054424072], [-112.4198838747, 33.5209948938111], [-112.419878384034, 33.5222252907499], [-112.419975892924, 33.5223313953412], [-112.420619367009, 33.5223707719181], [-112.421849088098, 33.5225678168232], [-112.422370900172, 33.522569494381], [-112.422370773757, 33.5225969771288], [-112.4226004592, 33.5225977144861], [-112.422599918938, 33.5227158896549], [-112.426849889914, 33.5227294605814], [-112.426850088772, 33.5225508221509], [-112.435505963179, 33.5225477150531], [-112.443983624222, 33.5225435914581], [-112.443982175127, 33.5154644122432], [-112.443981611355, 33.5082952246972], [-112.444162049873, 33.5082955926743], [-112.452799725491, 33.508279479062], [-112.461328424072, 33.5082628771511], [-112.461312490855, 33.515418903407], [-112.461296857995, 33.5226679423927], [-112.461282017599, 33.5299129245743], [-112.461268754203, 33.5371587380914], [-112.461399135799, 33.5443871059885], [-112.461530416153, 33.5516398956817], [-112.46152115945, 33.5588945982004], [-112.461511271868, 33.5661512868521], [-112.46150316407, 33.5733936921402], [-112.461497979241, 33.58055321386], [-112.461490119636, 33.5805532187057], [-112.452934723854, 33.5805582356621], [-112.444262719931, 33.5805628165664], [-112.435579989589, 33.5805999872729], [-112.426901519235, 33.5806341778727], [-112.426688096838, 33.5806344183085], [-112.426685575487, 33.5734797742208], [-112.426684930316, 33.5701509437922], [-112.426651837509, 33.5701510810465], [-112.426631203793, 33.5698969255984], [-112.426613292797, 33.5696426255051], [-112.426598105937, 33.5693882012054], [-112.426585644409, 33.5691336731476], [-112.426575909191, 33.5688790617885], [-112.426568901042, 33.5686243875914], [-112.426564620501, 33.5683696710242], [-112.426563067887, 33.5681149325583], [-112.426562929822, 33.5673769975981], [-112.426497271462, 33.5673770065621], [-112.426497240475, 33.5672121109175], [-112.42656289871, 33.5672121019548], [-112.426562888251, 33.567157549104], [-112.426499377926, 33.5670930908196], [-112.426431533591, 33.5670318053708], [-112.426359580998, 33.5669738966783], [-112.426283759571, 33.5669195574268], [-112.426216278444, 33.5668768030626], [-112.42614646136, 33.5668367634695], [-112.42607446403, 33.5667995279455], [-112.426000447028, 33.566765179535], [-112.425924575433, 33.5667337948431], [-112.425847018457, 33.5667054438652], [-112.425767949071, 33.5666801898306], [-112.425687543621, 33.5666580890618], [-112.425605981429, 33.5666391908487], [-112.425523444398, 33.5666235373386], [-112.425440116606, 33.5666111634427], [-112.425356183891, 33.5666020967575], [-112.425271833444, 33.5665963575038], [-112.425187253383, 33.5665939584817], [-112.425102632343, 33.5665949050414], [-112.425018159046, 33.5665991950722], [-112.419586392562, 33.5665999411277], [-112.419586361898, 33.5672107144829], [-112.419222511643, 33.5693734980085], [-112.419188113161, 33.5734830893724], [-112.419157746369, 33.5771387899142], [-112.419444602073, 33.5788601216109], [-112.419446850268, 33.5804349269537], [-112.419775242558, 33.5804410564193], [-112.419774485933, 33.5800288460008], [-112.420267026941, 33.5800385184616], [-112.420267894309, 33.580451030473], [-112.423052811594, 33.5805061792571], [-112.423053004575, 33.5806384533352], [-112.41825969333, 33.5806436116313], [-112.417275887992, 33.5806438774933], [-112.417275923774, 33.5796352824153], [-112.417768565665, 33.5759252236897], [-112.417768640922, 33.5734821594047], [-112.413940563439, 33.5734835703708], [-112.413940562961, 33.5734960738402], [-112.413940543962, 33.5771094865968], [-112.413932880679, 33.5771094885333], [-112.409620071507, 33.5771106755216], [-112.409620071496, 33.5771229905359], [-112.409620124779, 33.5806263971937], [-112.409612242012, 33.5806263131782], [-112.402365332146, 33.5805492337004], [-112.393695475852, 33.5804460942964], [-112.393654969828, 33.5733132012009], [-112.393616019784, 33.5663007059786], [-112.384951376378, 33.5661938807711], [-112.380625981199, 33.566140644808], [-112.38062604937, 33.5661517802199], [-112.380629344731, 33.5666904005296], [-112.380622260273, 33.5666903134722], [-112.376302155839, 33.5666369914478], [-112.376302223535, 33.5666479384158], [-112.376342017295, 33.5730961485568], [-112.38066887607, 33.5731506225652], [-112.380714817343, 33.580280771048], [-112.380706879591, 33.5802806700686], [-112.376389865877, 33.5802254628832], [-112.367719702922, 33.5801739393436], [-112.359046440201, 33.5801210890366], [-112.359046486615, 33.5801312417031], [-112.359046528655, 33.5801403259033], [-112.359038622358, 33.5801402612917], [-112.350451387323, 33.5800693169386], [-112.350398281924, 33.5656789273053], [-112.350397851335, 33.5655693211994], [-112.34188678907, 33.5655046241303], [-112.341857472797, 33.5584333312864], [-112.34185743427, 33.5584239296384], [-112.350363496839, 33.5584874844397], [-112.350370044076, 33.5584875327356], [-112.35034687785, 33.5525852017911], [-112.349788455184, 33.552581215412], [-112.349576357313, 33.5524705638236], [-112.349360256122, 33.5523654830809], [-112.349140360262, 33.5522660746359], [-112.348916882046, 33.5521724344638], [-112.348690037244, 33.5520846529706], [-112.348460044871, 33.5520028149056], [-112.348227126983, 33.5519269992797], [-112.347991508455, 33.5518572792896], [-112.347753416772, 33.5517937222465], [-112.3475130818, 33.5517363895116], [-112.347270735573, 33.5516853364367], [-112.347026612064, 33.5516406123111], [-112.346780946962, 33.5516022603134], [-112.346533977441, 33.5515703174707], [-112.346285941936, 33.5515448146222], [-112.346037079909, 33.5515257763896], [-112.34603517438, 33.5510983266473], [-112.34179962272, 33.5510685619903], [-112.34176469089, 33.5503218981325], [-112.344566912032, 33.5503416049587], [-112.346980670613, 33.5503585297844], [-112.348650840644, 33.5509391314205], [-112.349623266024, 33.5509459228669], [-112.349938185738, 33.5506736246954], [-112.349733971754, 33.5464476879078], [-112.349658468065, 33.544890908341], [-112.349151136341, 33.5445000357003], [-112.34913482183, 33.5440871817884], [-112.346182366591, 33.544055658187], [-112.341789385514, 33.5440086564978], [-112.341672774015, 33.5440073733625], [-112.341544079098, 33.5440609842922], [-112.341471780596, 33.5440602026281], [-112.341467006928, 33.5439582653082], [-112.34146656682, 33.5439488641139], [-112.354630710665, 33.5440903944697], [-112.354682571177, 33.5451175620472], [-112.358518164588, 33.5451559424352], [-112.358824354553, 33.5512145833267], [-112.358932811919, 33.551215438469], [-112.367573982569, 33.55127719513], [-112.376202021302, 33.5513389681008], [-112.384871150058, 33.5514311633639], [-112.384876878738, 33.551521924182], [-112.384870096052, 33.5515218524504], [-112.384434341313, 33.5515172319756], [-112.384433914802, 33.5515134240084], [-112.376206321674, 33.5514258854122], [-112.367570122786, 33.5513640189712], [-112.367570137594, 33.5513745396759], [-112.367590846373, 33.5658001189577], [-112.376297342572, 33.5658570201122], [-112.376297914901, 33.5659497957053], [-112.38495048799, 33.5660564411747], [-112.393608208822, 33.5661631822809], [-112.393615256621, 33.5661632687365], [-112.393614817857, 33.5660842469192], [-112.39361475252, 33.5660725587861], [-112.402265614596, 33.5661601823129], [-112.409612507114, 33.5662346396295], [-112.409619492367, 33.5662347100943], [-112.409619484839, 33.5661261028327], [-112.409619483783, 33.5661137859976], [-112.41723585325, 33.5661138632003], [-112.417242830548, 33.5661138629367], [-112.417242719203, 33.5650119304503], [-112.417734751064, 33.561301814641], [-112.417734494153, 33.5588665156713], [-112.409618969495, 33.5589775731353], [-112.409616897921, 33.5517195736864], [-112.402213951636, 33.5516702397212], [-112.399216066557, 33.5516504628454], [-112.399153322144, 33.5508307694913], [-112.402023949315, 33.5508211510359], [-112.401831065727, 33.5480581898464], [-112.397631628926, 33.5480465909909], [-112.397383334693, 33.5444749293272], [-112.393055449349, 33.5444882923443], [-112.392795821927, 33.5408671104196], [-112.401325441108, 33.5408275129525], [-112.401072242906, 33.5372054346052], [-112.401072419484, 33.5372054339146], [-112.401071937232, 33.5371147271318], [-112.401054304585, 33.5336001109667], [-112.396853807424, 33.5336050240101], [-112.39683717392, 33.5299854506348], [-112.401035089492, 33.5299947748955], [-112.401015608532, 33.5263449796205], [-112.401141256571, 33.5263463168085], [-112.401145818059, 33.5263463169995], [-112.401145881439, 33.5263582621843], [-112.401165272364, 33.5299959500279], [-112.401273565372, 33.529996189076], [-112.401292785741, 33.5336003104797], [-112.409486515492, 33.5335938403574], [-112.409492006629, 33.5371732810341], [-112.409499782675, 33.5444374151972], [-112.409608089813, 33.5444377342705], [-112.417631681188, 33.5444611073205], [-112.417637302215, 33.5444611233509], [-112.417637769446, 33.5426107386415], [-112.417276544159, 33.5382713281724], [-112.417243101199, 33.5377984091533], [-112.417171366043, 33.5375317201412], [-112.416321965763, 33.5374609116327], [-112.414764924891, 33.5372631971343], [-112.414764903246, 33.5371725039545], [-112.413739736824, 33.5371726719853], [-112.413739719361, 33.5370939972208], [-112.413739716164, 33.5370819634661], [-112.416315797853, 33.5368514775997], [-112.416602614056, 33.5368440389764], [-112.416604883429, 33.5368439802227], [-112.416697115219, 33.5364416326245], [-112.416699996267, 33.5364290642529], [-112.417265318026, 33.5364144003094], [-112.417270323966, 33.5364142700691], [-112.417273506229, 33.5360727249148], [-112.417463141554, 33.5335955219207], [-112.417463613138, 33.5335893597614], [-112.417637261206, 33.5313208726915], [-112.417651691166, 33.5303209576873], [-112.417159496174, 33.5303159741192], [-112.417163875097, 33.5300129226914], [-112.417163909132, 33.5300106079494], [-112.417165237195, 33.5299187704053], [-112.417165420303, 33.5299060776624], [-112.417653079027, 33.5299110146483], [-112.417657612967, 33.5299110603271], [-112.417671507141, 33.5289482161048], [-112.417856284784, 33.52657167288], [-112.417723691421, 33.5237994519182], [-112.417722357215, 33.5233978194068], [-112.417615720087, 33.5229952566752], [-112.416726378678, 33.5229498459246], [-112.41672266676, 33.5223562782335], [-112.41493760588, 33.5226004977924], [-112.413893266236, 33.5225971203892], [-112.41389312795, 33.5225855587265], [-112.413857783784, 33.5154060830781], [-112.40974573697, 33.5154066394086], [-112.409786625264, 33.5225831843905], [-112.409786632794, 33.5225837524178], [-112.409465139549, 33.52258270017], [-112.409471126018, 33.5256633469623], [-112.409366122968, 33.525662899992], [-112.409367446072, 33.5263440591148], [-112.401145818059, 33.5263463169995], [-112.401134335825, 33.5241919105981], [-112.401134293782, 33.5241839841068], [-112.402769282864, 33.5226922666628], [-112.403786586763, 33.5226895216169], [-112.40379093699, 33.5226895099187], [-112.40376643784, 33.5190577178014], [-112.401101984003, 33.5190654949808], [-112.392439968633, 33.5190882267954], [-112.392440048038, 33.5190997815157], [-112.392444977955, 33.5198146538747], [-112.392440832613, 33.5198184397191], [-112.389356538619, 33.5226352755758], [-112.383926660691, 33.5226537491571], [-112.375402229084, 33.5226830152617], [-112.366781605389, 33.5225608018119], [-112.365064076177, 33.5225365571778], [-112.365051278851, 33.5190684839142], [-112.365051241079, 33.5190582418557], [-112.365051240237, 33.5190580786544], [-112.366723054089, 33.5190736065452], [-112.371042122684, 33.5191138296897], [-112.371046406273, 33.519113869881], [-112.370967356874, 33.5154977525375], [-112.370967124705, 33.5154871090412], [-112.370967265722, 33.5154871094257], [-112.375200167003, 33.5155055295446], [-112.38383305686, 33.5154983587495], [-112.383837068773, 33.5154983553415], [-112.383836793834, 33.5154820503854], [-112.383836605621, 33.5154708657466], [-112.388105422905, 33.5154661114797], [-112.388109376683, 33.515466107253], [-112.388025386442, 33.5083058365893], [-112.38802525266, 33.5082944623864]]], [[[-112.392624339309, 33.5084191680404], [-112.392624415526, 33.5084307309077], [-112.392646896214, 33.5118325922092], [-112.400934752786, 33.5118069954416], [-112.400938423259, 33.5118069837985], [-112.400915518775, 33.5083936623966], [-112.392624339309, 33.5084191680404]]], [[[-112.413885041642, 33.5154183230703], [-112.413885055098, 33.5154308365189], [-112.413889026843, 33.5190530664362], [-112.417877496888, 33.5190644447884], [-112.417880316271, 33.5190644532173], [-112.418052870625, 33.5172722378802], [-112.418052255393, 33.5154286878553], [-112.413885041642, 33.5154183230703]]], [[[-112.421615815685, 33.5228016073246], [-112.42062020764, 33.522938933643], [-112.419975262102, 33.5229517972635], [-112.419972931929, 33.5229645285024], [-112.419861002788, 33.5235761151231], [-112.419856574973, 33.5243873714905], [-112.419684516498, 33.5252476619997], [-112.422696854538, 33.5252187701047], [-112.422698005106, 33.5263616086952], [-112.422693496343, 33.5263616027709], [-112.419475159051, 33.5263570900386], [-112.419473104439, 33.5263698408819], [-112.419248809578, 33.5277618081941], [-112.41910764533, 33.529407496775], [-112.419089290137, 33.5303747574806], [-112.419078222577, 33.5309572638298], [-112.41933225964, 33.5335788065318], [-112.419442366353, 33.5347150286833], [-112.419442848848, 33.5364531485493], [-112.419573641697, 33.5368450601061], [-112.419573608304, 33.5368450575367], [-112.419593389369, 33.5375100711917], [-112.419588184682, 33.5375223740521], [-112.419447925183, 33.5378539090203], [-112.419447925499, 33.5378543355115], [-112.419447880547, 33.5380422205311], [-112.419089186628, 33.5427942035236], [-112.419084649224, 33.5446695935474], [-112.419317034918, 33.5446609203626], [-112.419316468183, 33.5448931687824], [-112.419083671737, 33.5449018652759], [-112.419081901369, 33.545622158002], [-112.419136547451, 33.5478128217373], [-112.419264946166, 33.5478129290789], [-112.419243376101, 33.5475806588145], [-112.41947641104, 33.5475808533291], [-112.419497982799, 33.547813122641], [-112.422707799328, 33.5478157466592], [-112.422707272429, 33.5494636523844], [-112.419315423033, 33.5494678450818], [-112.419483111817, 33.5505797034284], [-112.419605615679, 33.5516903346658], [-112.423616208341, 33.5516853571976], [-112.423613553548, 33.550205059237], [-112.424805471619, 33.5490225605516], [-112.42667213167, 33.5490161282322], [-112.426666254059, 33.5478171789831], [-112.426666220677, 33.5478171791206], [-112.426649890279, 33.5444858505436], [-112.426649406912, 33.5443861444989], [-112.422888765488, 33.5445269952861], [-112.422880180333, 33.5406925902897], [-112.422880151556, 33.5406797117839], [-112.426626439964, 33.5406673566146], [-112.426631888264, 33.5406673386857], [-112.426615913705, 33.5372860556008], [-112.426616065522, 33.5372084910673], [-112.426616091787, 33.5371953607641], [-112.426715971742, 33.5371967239249], [-112.426721122089, 33.5371967937813], [-112.426731893147, 33.5300070888885], [-112.426741256343, 33.5228180108787], [-112.421615815685, 33.5228016073246]]], [[[-112.439962204834, 33.5661867684694], [-112.439962166355, 33.5662003874606], [-112.439951994179, 33.5698061287699], [-112.439944830416, 33.5698061563504], [-112.435617596073, 33.569822973138], [-112.435617549301, 33.569836399201], [-112.435595287826, 33.5761617947873], [-112.4442650742, 33.5761252026304], [-112.444272641326, 33.5761251703726], [-112.444278408889, 33.573407099351], [-112.444293766338, 33.5661711555615], [-112.439962204834, 33.5661867684694]]], [[[-112.268268451337, 33.5085648058177], [-112.268268292761, 33.5085785596961], [-112.268264958541, 33.5085786530154], [-112.268235969757, 33.5085794620403], [-112.268203149521, 33.508580377509], [-112.268203239953, 33.5085726615186], [-112.268203310264, 33.5085666245262], [-112.268268451337, 33.5085648058177]]], [[[-112.332485525188, 33.5078132508292], [-112.340969514753, 33.5079635914766], [-112.349507213159, 33.508194287797], [-112.349507457662, 33.5082905317246], [-112.353825901222, 33.5084075773931], [-112.353846121067, 33.5153488375749], [-112.35795374435, 33.5154006261738], [-112.357953753691, 33.5154033140544], [-112.357977177687, 33.5225269854166], [-112.357990155269, 33.5261172935467], [-112.358039378883, 33.5261179395776], [-112.358052362131, 33.529708197805], [-112.35804761283, 33.5297081398912], [-112.35800313673, 33.5297076004861], [-112.358003175207, 33.529717717197], [-112.358030172017, 33.5368011652496], [-112.358024978751, 33.5368011134274], [-112.349611297317, 33.5367167197344], [-112.349603741191, 33.5336465456043], [-112.344876014658, 33.5335962312033], [-112.344876037992, 33.5336057690927], [-112.344883403629, 33.5366664060709], [-112.344878232971, 33.5366663509141], [-112.341015401282, 33.5366251094669], [-112.341015295332, 33.5365646413887], [-112.332460281858, 33.5364736712128], [-112.332460287242, 33.5364826672567], [-112.332460316167, 33.536534138664], [-112.332455170292, 33.5365340847085], [-112.328183788972, 33.5364890052937], [-112.328183787788, 33.536428537718], [-112.327102435876, 33.536417102503], [-112.327102449189, 33.5363896174397], [-112.326501883718, 33.5363832622512], [-112.326501879718, 33.5363919977436], [-112.326501840076, 33.5364712140989], [-112.326496707125, 33.536471159853], [-112.326216324384, 33.5364681912599], [-112.326216369392, 33.5363802394066], [-112.324537740234, 33.5363624565304], [-112.324537754359, 33.5363349714609], [-112.323907325223, 33.536328287267], [-112.321771865037, 33.536322144674], [-112.321771904174, 33.5362534364871], [-112.318505766994, 33.5362439484415], [-112.316512627946, 33.5333294032322], [-112.316509603661, 33.5333249803315], [-112.317400050754, 33.532897909953], [-112.317417235142, 33.5328896679839], [-112.315430624738, 33.5328830141838], [-112.315429383329, 33.5296102774594], [-112.315429271755, 33.5292573676643], [-112.315056266229, 33.5292559180025], [-112.313309241186, 33.5292482181856], [-112.313309036276, 33.5262934045822], [-112.313308767639, 33.5258713919256], [-112.313306489231, 33.522028327382], [-112.313306486602, 33.5220202041283], [-112.315427613595, 33.5220298963831], [-112.32391358564, 33.5220688031611], [-112.324017603259, 33.5220703113811], [-112.32402182787, 33.5220703723275], [-112.324034224166, 33.5148153834013], [-112.324034238458, 33.5148067190768], [-112.332481557436, 33.5150096450154], [-112.332485355578, 33.51500973596], [-112.332485525189, 33.5078222532444], [-112.332485525188, 33.5078132508292]]], [[[-112.119612827399, 33.4817900800842], [-112.494199569654, 33.4820500654026], [-112.494016758506, 33.6080385063818], [-112.272049878966, 33.608036228543], [-112.272400095956, 33.7245910092152], [-112.202910278723, 33.7441270653539], [-112.194779514302, 33.7441456475247], [-112.137429691173, 33.7254495615153], [-112.134825350145, 33.608619362101], [-112.118823723228, 33.5819214861089], [-112.119612827399, 33.4817900800842]]], [[[-112.332452719157, 33.5077851787914], [-112.33245271915, 33.5077941803051], [-112.3324525458, 33.5149814538868], [-112.332448748736, 33.5149813629376], [-112.324001476702, 33.5147784363976], [-112.324001462398, 33.5147870989188], [-112.32398906271, 33.5220424116015], [-112.323984839177, 33.5220423506505], [-112.323913595711, 33.5220413198444], [-112.315427794295, 33.5220024143096], [-112.306942522975, 33.5219633999789], [-112.306937676892, 33.5216058725701], [-112.306855686603, 33.5216093255355], [-112.30676340058, 33.514799471435], [-112.298672234449, 33.5151376925564], [-112.298672259013, 33.515144996126], [-112.298684417641, 33.5187584433391], [-112.298680356771, 33.5187586136573], [-112.294385259409, 33.518938535225], [-112.294385271994, 33.5189456413601], [-112.294390976152, 33.5221336242506], [-112.294386717074, 33.5221338040499], [-112.290004733409, 33.5223182619919], [-112.28126446556, 33.5223678960469], [-112.281264450517, 33.5223745739649], [-112.281264259272, 33.5224570254382], [-112.281260006496, 33.5224571786189], [-112.280354233378, 33.5224897304344], [-112.280350458839, 33.5224963752082], [-112.280229672235, 33.5227090133202], [-112.280229167356, 33.5227090184088], [-112.27239993096, 33.5227943665307], [-112.27250557685, 33.5155739461133], [-112.27243007544, 33.5155761097057], [-112.272430119391, 33.5155731718879], [-112.272531646525, 33.5085207093824], [-112.272531736233, 33.5085144883888], [-112.272607232164, 33.5085122219782], [-112.272712209524, 33.5085114487515], [-112.272715517111, 33.5085114248189], [-112.272716964789, 33.5084107500525], [-112.272716979954, 33.5084097220861], [-112.272867748568, 33.5081731450876], [-112.272871842575, 33.5081667205214], [-112.272501303027, 33.5082128552203], [-112.263859763766, 33.5084540389551], [-112.25511830568, 33.5086966766089], [-112.246406293906, 33.5086949859814], [-112.237729024411, 33.508693768469], [-112.229117141438, 33.508789737694], [-112.220524309762, 33.5088874655049], [-112.220345665651, 33.5088911685341], [-112.211842985832, 33.509067462432], [-112.203174764875, 33.5092507368535], [-112.203168537327, 33.5092508576543], [-112.202955270875, 33.5092535832374], [-112.202955199015, 33.5092686975133], [-112.202463867248, 33.5092749715392], [-112.2015287839, 33.5092786516592], [-112.186367684308, 33.5094710322712], [-112.186367592304, 33.5094875225671], [-112.177574869519, 33.5094327656248], [-112.173475867981, 33.5094075257434], [-112.172819935429, 33.5093952320795], [-112.168782089734, 33.5093702144736], [-112.160178385011, 33.5093564698893], [-112.152234115655, 33.5093413121115], [-112.152232932021, 33.5096147708889], [-112.151785494419, 33.5096139022151], [-112.151783820153, 33.5099930327968], [-112.151701800479, 33.5099927817628], [-112.151672276818, 33.516677876521], [-112.15163890685, 33.5239272839579], [-112.151600768054, 33.5311923668909], [-112.151583918396, 33.5384523361517], [-112.151583599871, 33.5385622694256], [-112.151583400256, 33.5386309782853], [-112.15158263661, 33.5388944019119], [-112.151562893789, 33.545707949687], [-112.151706983169, 33.5531168829332], [-112.151737406682, 33.5603175241213], [-112.15176810278, 33.5675217144333], [-112.151714022105, 33.5747240971083], [-112.151667406975, 33.5819260217133], [-112.15170302312, 33.5819260280166], [-112.151738330085, 33.5819260348968], [-112.151749412226, 33.5819332263833], [-112.151928981147, 33.5820497482701], [-112.152146948138, 33.5821911859904], [-112.152204928508, 33.5822271329272], [-112.152264111687, 33.5822616799431], [-112.152324449115, 33.5822947982753], [-112.152385891166, 33.5823264618678], [-112.152448388212, 33.5823566446649], [-112.152511889549, 33.5823853215146], [-112.152576343403, 33.5824124699721], [-112.155928037402, 33.5837743369549], [-112.156014212114, 33.5838105404621], [-112.156099207114, 33.5838486469316], [-112.156182964155, 33.5838886285262], [-112.156265422835, 33.5839304583151], [-112.156346524897, 33.5839741048549], [-112.156426214241, 33.5840195385014], [-112.156504434764, 33.5840667278073], [-112.156581129275, 33.5841156386224], [-112.156656245971, 33.584166236786], [-112.156729731963, 33.5842184854348], [-112.156801533292, 33.5842723504126], [-112.156871600291, 33.584327791243], [-112.156939884373, 33.584384769251], [-112.157006336951, 33.5844432457618], [-112.157070910506, 33.5845031775899], [-112.157133559675, 33.5845645242508], [-112.15719424124, 33.5846272407475], [-112.157252910911, 33.5846912838882], [-112.157309528699, 33.5847566086697], [-112.157364054611, 33.5848231682851], [-112.157416448657, 33.5848909168293], [-112.157466675148, 33.5849598056839], [-112.159354028151, 33.5876273374045], [-112.159394922143, 33.5876830242277], [-112.159437983829, 33.5877375562421], [-112.159483165635, 33.5877908722248], [-112.159530417849, 33.5878429163667], [-112.159579689675, 33.587893631058], [-112.159630929246, 33.5879429613956], [-112.159684079318, 33.5879908551921], [-112.159739082642, 33.5880372593587], [-112.159795880901, 33.588082124415], [-112.159854411473, 33.588125401791], [-112.159914610658, 33.5881670438206], [-112.159976414767, 33.5882070064443], [-112.160039755802, 33.5882452456113], [-112.16010456577, 33.5882817199757], [-112.160120539734, 33.588290119246], [-112.160163272939, 33.588312589758], [-112.160223031898, 33.5883420111496], [-112.160283793017, 33.5883699599013], [-112.160345502356, 33.588396410871], [-112.162129677965, 33.5891338417334], [-112.162739874393, 33.5893860375579], [-112.162810329366, 33.5894163399028], [-112.162879590576, 33.5894485119585], [-112.162947585757, 33.5894825232137], [-112.163014245854, 33.5895183368391], [-112.16307950397, 33.5895559169028], [-112.163143291047, 33.5895952256743], [-112.163205543405, 33.5896362218053], [-112.163266197359, 33.5896788630461], [-112.163325189225, 33.5897231071471], [-112.163382460693, 33.5897689082414], [-112.163437951296, 33.5898162186628], [-112.163491605951, 33.5898649907348], [-112.163543367415, 33.5899151749814], [-112.163593184899, 33.5899667183075], [-112.163641006544, 33.5900195703247], [-112.165929605639, 33.5926346754407], [-112.165974195083, 33.5926872859772], [-112.166016852732, 33.5927410067486], [-112.1660575375, 33.5927957891491], [-112.166096211526, 33.5928515809594], [-112.166132840187, 33.5929083326591], [-112.166167389924, 33.592965990217], [-112.166199827183, 33.5930245005034], [-112.166230122712, 33.5930838094783], [-112.166258248339, 33.5931438621977], [-112.166284178041, 33.5932046037133], [-112.166307887946, 33.5932659763672], [-112.166329355266, 33.5933279252044], [-112.16634856151, 33.5933903916542], [-112.16636548819, 33.5934533171459], [-112.166380120055, 33.5935166458073], [-112.166392442919, 33.5935803163537], [-112.166504650001, 33.5942217498211], [-112.166513877622, 33.5942671234435], [-112.166525612353, 33.5943120889525], [-112.166539828065, 33.5943565508222], [-112.166556494314, 33.594400412634], [-112.166575576351, 33.594443578879], [-112.166597031893, 33.5944859576704], [-112.166620815428, 33.5945274580297], [-112.16664687498, 33.5945679889909], [-112.166675154273, 33.5946074641054], [-112.166705592727, 33.5946457978346], [-112.166738125461, 33.5946829082555], [-112.166772681129, 33.5947187143597], [-112.16680918517, 33.5947531396536], [-112.166847559793, 33.5947861103552], [-112.166887721827, 33.5948175535952], [-112.166929584885, 33.594847403724], [-112.166973058272, 33.5948755951011], [-112.167018049153, 33.5949020675001], [-112.167064459312, 33.5949267634109], [-112.167112189469, 33.5949496298338], [-112.167161136045, 33.5949706173847], [-112.167211194396, 33.5949896811903], [-112.167262256652, 33.5950067790888], [-112.167314211733, 33.5950218761387], [-112.167366948556, 33.5950349373984], [-112.167420352834, 33.5950459369499], [-112.16867644016, 33.5952788879029], [-112.168808350591, 33.5953052817742], [-112.168794814497, 33.5963343639242], [-112.168711488989, 33.6035438484235], [-112.168630456124, 33.6107357840557], [-112.16856514069, 33.6179457218026], [-112.16850158386, 33.6251575167286], [-112.168435052247, 33.6323620337068], [-112.169257131579, 33.6388415947073], [-112.169339485827, 33.6388404535548], [-112.169339590389, 33.6388404524395], [-112.169342694496, 33.6388657442808], [-112.169342935077, 33.6388676544302], [-112.169359848203, 33.6390054844666], [-112.169361483643, 33.6390188123304], [-112.169358533954, 33.6391700294858], [-112.169253348336, 33.6391714859882], [-112.169096033601, 33.6472348406292], [-112.168969031944, 33.6545020097208], [-112.169203353027, 33.6617496787892], [-112.169443870785, 33.6690014566787], [-112.169466285325, 33.6702656510184], [-112.169357805051, 33.6702655978357], [-112.169249339024, 33.6702663605369], [-112.169355496262, 33.6762539443545], [-112.169483242316, 33.6835051997999], [-112.169591714694, 33.6835038769055], [-112.169539607572, 33.6908185973422], [-112.169697431078, 33.6977744811852], [-112.16973031121, 33.6977742812989], [-112.17072087351, 33.697768256763], [-112.171549743836, 33.6977829986418], [-112.171879347761, 33.6977967105761], [-112.172694707768, 33.6978111949667], [-112.17582663102, 33.6977920446346], [-112.177398333933, 33.6977477780546], [-112.177489553707, 33.6977443395358], [-112.17758065605, 33.6977391691046], [-112.177671594578, 33.6977322686624], [-112.177762321833, 33.6977236419167], [-112.177852791435, 33.6977132925726], [-112.177942954856, 33.6977012270448], [-112.178032767878, 33.6976874508377], [-112.178116595274, 33.697672690895], [-112.178199864077, 33.6976558663698], [-112.178282503137, 33.6976369936437], [-112.178364438064, 33.6976160891055], [-112.178445598793, 33.6975931709384], [-112.178525914179, 33.6975682582294], [-112.178605314169, 33.6975413736704], [-112.178683729793, 33.6975125408525], [-112.178761092082, 33.6974817842687], [-112.178973575999, 33.6978413977085], [-112.178974073539, 33.6978965017351], [-112.178974080128, 33.6978972501007], [-112.178974320423, 33.6979237882127], [-112.186917067304, 33.6978763398521], [-112.195375856297, 33.6977931729207], [-112.20310219151, 33.6977219083111], [-112.203098143741, 33.6963099003321], [-112.211757386202, 33.6962994470326], [-112.220281284133, 33.6962909123355], [-112.220281207969, 33.6962634298908], [-112.220261062539, 33.6889969274983], [-112.220392565305, 33.6889963013776], [-112.220501054083, 33.6889958065455], [-112.220450784652, 33.6817113139513], [-112.220451212271, 33.6816013758022], [-112.222531079555, 33.6815854661876], [-112.222535560178, 33.679878189825], [-112.223628707287, 33.6798706934167], [-112.223632382016, 33.6780543686996], [-112.224724434876, 33.6780477517225], [-112.224726672953, 33.6771825790629], [-112.224945067453, 33.6768121142917], [-112.225505916448, 33.6759182606585], [-112.226107245646, 33.6749637409727], [-112.226200810651, 33.674410329438], [-112.226333883413, 33.6744104460206], [-112.226910657862, 33.6732721154952], [-112.226910132152, 33.6716891953697], [-112.227794413823, 33.671686430665], [-112.228306986585, 33.6707790800745], [-112.229084140756, 33.6694026259123], [-112.229195453931, 33.6692056481358], [-112.229327278384, 33.6689778264066], [-112.229464097842, 33.6687520731545], [-112.230454405822, 33.667154676463], [-112.229081879172, 33.6671556014494], [-112.229081618739, 33.6670456774089], [-112.230456052321, 33.6670447557051], [-112.233354677674, 33.6624151157188], [-112.233404230258, 33.6623359658802], [-112.233407673564, 33.6623304695201], [-112.233408286764, 33.6623294932483], [-112.234521408976, 33.6605514915102], [-112.234574039685, 33.6604655058569], [-112.234624768548, 33.6603787243927], [-112.23467357951, 33.660291177818], [-112.234720455424, 33.6602028941307], [-112.234765381315, 33.6601139040281], [-112.234808340046, 33.660024238213], [-112.234848846041, 33.6599349682149], [-112.235567063818, 33.6599363193227], [-112.235542780666, 33.6563309425291], [-112.236293306041, 33.6563305218653], [-112.236325863787, 33.6561614293255], [-112.236443439127, 33.655610812043], [-112.236513344083, 33.6550689757486], [-112.236578889974, 33.6545244654867], [-112.236603765397, 33.6543127961686], [-112.23659800728, 33.6528734685953], [-112.236597556079, 33.652813007585], [-112.236596878741, 33.6527223160697], [-112.236596108894, 33.6525436798028], [-112.237510702825, 33.6525409183479], [-112.237511300121, 33.6525409167978], [-112.237543565889, 33.6525408195338], [-112.237675013826, 33.6525404223976], [-112.23766533638, 33.6454348048153], [-112.23766151401, 33.642117459245], [-112.237774220365, 33.6419081679731], [-112.237841974005, 33.6419080443027], [-112.238447088921, 33.6419069417459], [-112.239755398662, 33.6396008047533], [-112.239792912536, 33.6395322646618], [-112.239828164828, 33.6394628901134], [-112.239861129865, 33.6393927334741], [-112.239891781977, 33.6393218471094], [-112.239920098727, 33.6392502833766], [-112.239946056608, 33.6391780973403], [-112.239969639659, 33.639105343144], [-112.239990826532, 33.6390320758466], [-112.240009604499, 33.6389583495826], [-112.240025957604, 33.6388842202983], [-112.240039873123, 33.6388097430297], [-112.240051341578, 33.6387349755092], [-112.240060354555, 33.6386599727613], [-112.240066904727, 33.6385847916108], [-112.240070987998, 33.6385094879722], [-112.240072600279, 33.6384341195632], [-112.239284103659, 33.6384355661045], [-112.239283912157, 33.6383778525783], [-112.23866483303, 33.6383789765774], [-112.238559193105, 33.6384066109557], [-112.237839413615, 33.6396847479641], [-112.237659084717, 33.640004957878], [-112.237656940291, 33.6381503865007], [-112.237525514219, 33.6381507825882], [-112.23752568944, 33.6383015042271], [-112.237525456566, 33.63815035174], [-112.237519454402, 33.6379992142188], [-112.236665023758, 33.6380018294838], [-112.236664730053, 33.6379334972512], [-112.235912523141, 33.6379675129675], [-112.235612968961, 33.6379517718885], [-112.235322221721, 33.6379526440866], [-112.234993633749, 33.6379481308699], [-112.23380028804, 33.6379516975102], [-112.23366576031, 33.6378421983987], [-112.233567218701, 33.6378441506183], [-112.233450335206, 33.6378431363697], [-112.233221439697, 33.6378434899041], [-112.233093118501, 33.6379537886133], [-112.230236446159, 33.6379622629209], [-112.229487526633, 33.6379582141407], [-112.22920538505, 33.6379546915164], [-112.229106307612, 33.63787102262], [-112.228946874925, 33.6378690314137], [-112.228787568373, 33.6378670414867], [-112.228689543124, 33.6379482470577], [-112.228594761785, 33.6379470570343], [-112.227841230364, 33.6379452776144], [-112.224865213933, 33.6379630908607], [-112.224765934729, 33.6378812259219], [-112.224486660027, 33.6378828934295], [-112.224388788157, 33.6379659355295], [-112.223174566298, 33.6379731781737], [-112.222417725602, 33.6379840153137], [-112.221527833473, 33.6380042223634], [-112.220779073438, 33.6380149348778], [-112.220646959948, 33.6380157195654], [-112.220509106487, 33.6379066984605], [-112.22027065794, 33.6379077647154], [-112.220032221257, 33.6379088349898], [-112.219907217009, 33.638019056027], [-112.219051831324, 33.6380217448874], [-112.216578461042, 33.6380624691219], [-112.215939696998, 33.6380769177771], [-112.215940568875, 33.6380905687507], [-112.215939355081, 33.6380905725899], [-112.215782370739, 33.6356847018968], [-112.217807905202, 33.6346803693434], [-112.217653090179, 33.6339907881628], [-112.21806051084, 33.6326914626509], [-112.217940460014, 33.6323629006071], [-112.217810683624, 33.6322860048407], [-112.21768242443, 33.6322073496909], [-112.217555714841, 33.6321269549203], [-112.217430589429, 33.6320448420895], [-112.217307081688, 33.6319610336637], [-112.217185224038, 33.6318755521106], [-112.217065048893, 33.6317884189963], [-112.216946588675, 33.631699658592], [-112.216829874726, 33.6316092942701], [-112.216714937309, 33.6315173494054], [-112.216601807773, 33.6314238491734], [-112.216490516384, 33.6313288187526], [-112.215567537396, 33.6305277174586], [-112.215590185555, 33.6284461253875], [-112.2115761457, 33.6249514562241], [-112.210263813735, 33.6238088662551], [-112.209934644818, 33.623599548584], [-112.209347289305, 33.6233608011454], [-112.205940654761, 33.6223240505152], [-112.204505889509, 33.6219226243883], [-112.204211525493, 33.6216888552812], [-112.203966215951, 33.6213317074761], [-112.203120865951, 33.6192521367345], [-112.20282240779, 33.618763457189], [-112.202674723769, 33.6186574265905], [-112.202681093343, 33.6178085705179], [-112.202737277607, 33.6106063528942], [-112.202799030565, 33.6034039363853], [-112.202829124485, 33.5998112850541], [-112.202769997823, 33.5998123838793], [-112.202799583894, 33.5962803125697], [-112.202858708922, 33.5962791226714], [-112.202859215955, 33.5962186325459], [-112.202859367909, 33.5961987421175], [-112.202859678814, 33.5961581434238], [-112.202800553866, 33.5961593324205], [-112.202836690418, 33.5914549052335], [-112.202895811077, 33.5914537153364], [-112.202914902535, 33.5889678717074], [-112.202970428379, 33.5817109713411], [-112.203022744204, 33.5745514089012], [-112.202999758205, 33.5745517957], [-112.20300056173, 33.5744418277225], [-112.203027155955, 33.570806634547], [-112.203050141008, 33.5708062621748], [-112.203075929794, 33.5672810457958], [-112.203174432143, 33.5672795149187], [-112.203175236541, 33.5671695513182], [-112.203175392864, 33.5669908784554], [-112.211429022953, 33.5668623064313], [-112.211773741036, 33.5668569054688], [-112.211777498513, 33.5634272852221], [-112.211646182057, 33.5634295187794], [-112.211515701306, 33.5634317285666], [-112.211432793418, 33.5634331324575], [-112.211436337396, 33.5602109885543], [-112.211437094773, 33.5595221202722], [-112.211650480271, 33.5597019482777], [-112.211654213464, 33.5562071108828], [-112.211440737259, 33.5562114226348], [-112.211440858095, 33.5561014622469], [-112.211654331875, 33.5560971505011], [-112.211657924837, 33.5527347703472], [-112.21144456086, 33.5527394884735], [-112.211444711164, 33.5525985605751], [-112.211444713869, 33.5525965029295], [-112.211445340466, 33.5525057633381], [-112.21165521707, 33.5525011220488], [-112.211658594067, 33.5525010580986], [-112.211664711647, 33.5525009434361], [-112.220382125831, 33.5523366953684], [-112.22911589693, 33.5521257479365], [-112.23785543352, 33.5519176527655], [-112.237861599362, 33.5519175060264], [-112.237861421976, 33.5519030372023], [-112.237861363463, 33.5518982836888], [-112.242109028812, 33.5518636324498], [-112.242115158388, 33.5518635820742], [-112.242114834218, 33.5517998142113], [-112.242114809234, 33.5517948739643], [-112.245069241212, 33.5517706866197], [-112.245069095194, 33.5518394005353], [-112.245719018212, 33.5518340700503], [-112.245992873901, 33.5518318226014], [-112.246296732374, 33.5518293287642], [-112.246366388922, 33.5518287555738], [-112.255017808272, 33.5516422366029], [-112.263746146877, 33.5514489059441], [-112.268146464493, 33.5513513378881], [-112.268146836381, 33.5513705741871], [-112.272475960556, 33.5512744321344], [-112.272482044485, 33.5512742965304], [-112.272482006149, 33.551261266457], [-112.272481987181, 33.5512550629503], [-112.272662508012, 33.5512516766957], [-112.281094960457, 33.5510931986556], [-112.289642724417, 33.5509312698769], [-112.289659405243, 33.5509309545329], [-112.289751063112, 33.5509292248701], [-112.289882374766, 33.5509278300633], [-112.298439511585, 33.5508354552485], [-112.306965292383, 33.5507382580474], [-112.306965321204, 33.5507657438405], [-112.315680339844, 33.5508525754284], [-112.324388126007, 33.5509392041091], [-112.333051057038, 33.5510204380353], [-112.34169247234, 33.5510952913062], [-112.346002456374, 33.5511255805923], [-112.346003309194, 33.5515514217854], [-112.346253713853, 33.5515697859206], [-112.34650330703, 33.5515947199658], [-112.346751842922, 33.5516261993653], [-112.346999076768, 33.5516641931174], [-112.347244765089, 33.551708663805], [-112.347488665925, 33.5517595676323], [-112.347730539078, 33.551816854468], [-112.347970146342, 33.5518804678946], [-112.348207251744, 33.5519503452641], [-112.348441621772, 33.5520264177594], [-112.348673025607, 33.5521086104621], [-112.348901235348, 33.5521968424264], [-112.349126026238, 33.5522910267585], [-112.349347176886, 33.5523910707023], [-112.349564469483, 33.5524968757308], [-112.349777690017, 33.5526083376427], [-112.35031416066, 33.5526124577643], [-112.350337109131, 33.5584598034529], [-112.350330562973, 33.5584597551515], [-112.341824492355, 33.558396199004], [-112.341824530874, 33.5584055997505], [-112.34185407289, 33.5655318580041], [-112.350365129217, 33.5655965582332], [-112.350365453107, 33.5656790125733], [-112.350418653217, 33.5800965296443], [-112.359038746425, 33.5801677456293], [-112.359046653802, 33.580167810237], [-112.359046612839, 33.580158726033], [-112.359046566425, 33.5801485733666], [-112.367719465617, 33.58020142137], [-112.376390042867, 33.5802529514891], [-112.380714994627, 33.5803082596399], [-112.380715525526, 33.5803907479601], [-112.38504260297, 33.5804459076669], [-112.393688151584, 33.580555937908], [-112.393696099065, 33.5805560389186], [-112.393695699076, 33.5804852962764], [-112.393695632472, 33.5804735820269], [-112.402364866659, 33.5805767130273], [-112.409620125966, 33.5806538900054], [-112.409620125501, 33.5806731343475], [-112.418259703663, 33.5806710944734], [-112.426901529075, 33.5806616607018], [-112.435580145452, 33.5806274694746], [-112.444262659868, 33.5805902996629], [-112.452934746255, 33.5805857183903], [-112.461522932968, 33.5805806805851], [-112.461530793653, 33.5805806757325], [-112.46153599505, 33.5733937090136], [-112.461544100821, 33.5661512460409], [-112.461553985032, 33.5588946295504], [-112.461563241752, 33.551639852206], [-112.461431952013, 33.5443866902137], [-112.461301572512, 33.5371585766289], [-112.461314832294, 33.5299129669178], [-112.461329670109, 33.5226678377861], [-112.461345300122, 33.5154189530108], [-112.46136129238, 33.5082353288644], [-112.452799650734, 33.5082519962413], [-112.444162047808, 33.5082681095238], [-112.435512322839, 33.5082501829598], [-112.42686733027, 33.5082312821699], [-112.41820725849, 33.5082219505429], [-112.409546346021, 33.5082117481446], [-112.401029223243, 33.5082421512065], [-112.392367446671, 33.5082687939739], [-112.383682411277, 33.5082650118292], [-112.383682599439, 33.5082761955799], [-112.383803793452, 33.5154709011198], [-112.383799782616, 33.5154709045227], [-112.375200337422, 33.5154780474777], [-112.370933698582, 33.5154594796745], [-112.370933725266, 33.5154608780843], [-112.370933929661, 33.5154701213715], [-112.370934301876, 33.5154869652166], [-112.371012982155, 33.5190860746419], [-112.37100870072, 33.5190860344415], [-112.3667234188, 33.5190461246887], [-112.35839799652, 33.5189685759988], [-112.358326398652, 33.5189679061745], [-112.358314666019, 33.5154037049874], [-112.358314661954, 33.5154024814196], [-112.358314574813, 33.5153762220476], [-112.358281764925, 33.5153760748239], [-112.358134116656, 33.5153754108705], [-112.357953654313, 33.5153731387206], [-112.353878852152, 33.5153217644678], [-112.353858712208, 33.5084084660873], [-112.353858711378, 33.5084083010822], [-112.353858632955, 33.5083813608698], [-112.353858632045, 33.5083809659358], [-112.353825821069, 33.5083800772415], [-112.349540197315, 33.5082639222728], [-112.349539952755, 33.5081676738368], [-112.340969468855, 33.5079361010976], [-112.332452719157, 33.5077851787914]]]]}, "properties": {"DIS_NAME": "NONE"}}]}